date,Iran_entropy,Crypto_entropy,Macro_entropy,Geopolitical_entropy,Energy_entropy,Pandemic_entropy,composite_entropy
2025-07-06,,,,0.8032566997760641,,,0.8032566997760641
2025-07-07,,,,0.6800770457282798,,,0.6800770457282798
2025-07-08,,,,0.7118146702143197,,,0.7118146702143197
2025-07-09,,,,0.731816079376955,,,0.731816079376955
2025-07-10,,,,0.731816079376955,,,0.731816079376955
2025-07-11,,,,0.7118146702143197,,,0.7118146702143197
2025-07-12,,,,0.7219280948873623,,,0.7219280948873623
2025-07-13,,,,0.731816079376955,,,0.731816079376955
2025-07-14,,,,0.7219280948873623,,,0.7219280948873623
2025-07-15,,,,0.7509319796338465,,,0.7509319796338465
2025-07-16,,,,0.7219280948873623,,,0.7219280948873623
2025-07-17,,,,0.7219280948873623,,,0.7219280948873623
2025-07-18,,,,0.7219280948873623,,,0.7219280948873623
2025-07-19,,,,0.7118146702143197,,,0.7118146702143197
2025-07-20,,,,0.7118146702143197,,,0.7118146702143197
2025-07-21,,,,0.7118146702143197,,,0.7118146702143197
2025-07-22,,,,0.7219280948873623,,,0.7219280948873623
2025-07-23,,,,0.7118146702143197,,,0.7118146702143197
2025-07-24,,,,0.7770131822651186,,,0.7770131822651186
2025-07-25,,,,0.7357770147159631,,,0.7357770147159631
2025-07-26,,,,0.7395607781094854,,,0.7395607781094854
2025-07-27,,,,0.7237037873272337,,,0.7237037873272337
2025-07-28,,,,0.707117910267127,,,0.707117910267127
2025-07-29,,,,0.707117910267127,,,0.707117910267127
2025-07-30,,,,0.707117910267127,,,0.707117910267127
2025-07-31,,,,0.707117910267127,,,0.707117910267127
2025-08-01,,,,0.707117910267127,,,0.707117910267127
2025-08-02,,,,0.7155037555427339,,,0.7155037555427339
2025-08-03,,,,0.7136336509480639,,,0.7136336509480639
2025-08-04,,,,0.707117910267127,,,0.707117910267127
2025-08-05,,,,0.707117910267127,,,0.707117910267127
2025-08-06,,,,0.707117910267127,,,0.707117910267127
2025-08-07,,,,0.7395607781094854,,,0.7395607781094854
2025-08-08,,,,0.707117910267127,,,0.707117910267127
2025-08-09,,,,0.7199200239337116,,,0.7199200239337116
2025-08-10,,,,0.7279378831012054,,,0.7279378831012054
2025-08-11,,,,0.7218336827325637,,,0.7218336827325637
2025-08-12,,,,0.7237037873272337,,,0.7237037873272337
2025-08-13,,,,0.7117199921492117,,,0.7117199921492117
2025-08-14,,,,0.7077590568102037,,,0.7077590568102037
2025-08-15,,,,0.7159590885947035,,,0.7159590885947035
2025-08-16,,,,0.7013762046913532,,,0.7013762046913532
2025-08-17,,,,0.692800693629575,,,0.692800693629575
2025-08-18,,,,0.6966722946106786,,,0.6966722946106786
2025-08-19,,,,0.692800693629575,,,0.692800693629575
2025-08-20,,,,0.682028442555246,,,0.682028442555246
2025-08-21,,,,0.682028442555246,,,0.682028442555246
2025-08-22,,,,0.6907977004728183,,,0.6907977004728183
2025-08-23,,,,0.7052478056724569,,,0.7052478056724569
2025-08-24,,,,0.7013762046913532,,,0.7013762046913532
2025-08-25,,,,0.7013762046913532,,,0.7013762046913532
2025-08-26,,,,0.6973243586597615,,,0.6973243586597615
2025-08-27,,,,0.7013762046913532,,,0.7013762046913532
2025-08-28,,,,0.7179620817514601,,,0.7179620817514601
2025-08-29,,,,0.6907977004728183,,,0.6907977004728183
2025-08-30,,,,0.6993732115345965,,,0.6993732115345965
2025-08-31,,,,0.6973243586597615,,,0.6973243586597615
2025-09-01,,,,0.6973243586597615,,,0.6973243586597615
2025-09-02,,,,0.6866532820924346,,,0.6866532820924346
2025-09-03,,,,0.6823183603732627,,,0.6823183603732627
2025-09-04,,,,0.6754413706243075,,,0.6754413706243075
2025-09-05,,,,0.6517907717726026,,,0.6517907717726026
2025-09-06,,,,0.6690158350565575,,,0.6690158350565575
2025-09-07,,,,0.6666721127067352,,,0.6666721127067352
2025-09-08,,,,0.7140630555943149,,,0.7140630555943149
2025-09-09,,,,0.6840168816860858,,,0.6840168816860858
2025-09-10,,,,0.6900060330275635,,,0.6900060330275635
2025-09-11,,,,0.6850485311029264,,,0.6850485311029264
2025-09-12,,,,0.6875550886778108,,,0.6875550886778108
2025-09-13,,,,0.6816201877519565,,,0.6816201877519565
2025-09-14,,,,0.6816201877519565,,,0.6816201877519565
2025-09-15,,,,0.6947464493115152,,,0.6947464493115152
2025-09-16,,,,0.6777850929741298,,,0.6777850929741298
2025-09-17,,,,0.6777850929741298,,,0.6777850929741298
2025-09-18,,,,0.702946481096015,,,0.702946481096015
2025-09-19,,,,0.702946481096015,,,0.702946481096015
2025-09-20,,,,0.7109643402635089,,,0.7109643402635089
2025-09-21,,,,0.6947464493115152,,,0.6947464493115152
2025-09-22,,,,0.6816201877519565,,,0.6816201877519565
2025-09-23,,,,0.6982060648120633,,,0.6982060648120633
2025-09-24,,,,0.6932485628874262,,,0.6932485628874262
2025-09-25,,,,0.6932485628874262,,,0.6932485628874262
2025-09-26,,,,0.6458962408390521,,,0.6458962408390521
2025-09-27,,,,0.6397375419280894,,,0.6397375419280894
2025-09-28,,,,0.6487048758906051,,,0.6487048758906051
2025-09-29,,,0.7478983221256077,0.6740990601808455,,,0.7109986911532267
2025-09-30,,,0.5769725110401501,0.6850485311029264,,,0.6310105210715382
2025-10-01,,,0.3989356722552213,0.6714768104433935,,,0.5352062413493074
2025-10-02,,,0.3778842238555444,0.6714768104433935,,,0.524680517149469
2025-10-03,,,0.37375332025453084,0.6574741338081773,,,0.5156137270313541
2025-10-04,,,0.38431154412649704,0.6660496448699557,,,0.5251805944982264
2025-10-05,,,0.37375332025453084,0.6541320414640429,,,0.5139426808592868
2025-10-06,,,0.3550470537478906,0.6574741338081773,,,0.506260593778034
2025-10-07,,,0.3550470537478906,0.6397375419280894,,,0.49739229783799
2025-10-08,,,0.3550470537478906,0.6487048758906051,,,0.5018759648192479
2025-10-09,,,0.3764818747721895,0.6487048758906051,,,0.5125933753313973
2025-10-10,,,0.36841610912491224,0.6451647075015272,,,0.5067904083132198
2025-10-11,,,0.3764818747721895,0.664275418772606,,,0.5203786467723978
2025-10-12,,,0.3764818747721895,0.6451647075015272,,,0.5108232911368583
2025-10-13,,,0.3764818747721895,0.6850485311029264,,,0.5307652029375579
2025-10-14,,,0.3764818747721895,0.6766626858273194,,,0.5265722802997544
2025-10-15,,,0.3550470537478906,0.7091055536696778,,,0.5320763037087841
2025-10-16,,,0.3469812881006133,0.7142055954207659,,,0.5305934417606896
2025-10-17,,,0.3469812881006133,0.7192757786421243,,,0.5331285333713688
2025-10-18,,,0.3469812881006133,0.7140630555943149,,,0.5305221718474641
2025-10-19,,,0.3386625912629869,0.7062239239795571,,,0.5224432576212721
2025-10-20,,,0.3188536256314284,0.7264671392758285,,,0.5226603824536284
2025-10-21,,,0.3300712977399391,0.7217267229918769,,,0.525899010365908
2025-10-22,,,0.3188536256314284,0.7389365789755945,,,0.5288951023035114
2025-10-23,,,0.3188536256314284,0.7217267229918769,,,0.5202901743116526
2025-10-24,,,0.3007554680906706,0.7264671392758285,,,0.5136113036832496
2025-10-25,,,0.3469812881006133,0.7164597495284442,,,0.5317205188145288
2025-10-26,,,0.3280895442885144,0.6982060648120633,,,0.5131478045502889
2025-10-27,,,0.31566861683869757,0.6816201877519565,,,0.498644402295327
2025-10-28,,,0.31566861683869757,0.6900060330275635,,,0.5028373249331305
2025-10-29,,,0.30783894748439,0.6730446766901782,,,0.4904418120872841
2025-10-30,,,0.3280895442885144,0.7217267229918769,,,0.5249081336401956
2025-10-31,,,0.35165905099368744,0.6982060648120633,,,0.5249325579028754
2025-11-01,,,0.35165905099368744,0.7062239239795571,,,0.5289414874866223
2025-11-02,,,0.35165905099368744,0.6982060648120633,,,0.5249325579028754
2025-11-03,,,0.35165905099368744,0.6982060648120633,,,0.5249325579028754
2025-11-04,0.6222126380063133,,0.32417835022143393,0.6947464493115152,,,0.5470458125130875
2025-11-05,0.5895328556861872,,0.32417835022143393,0.6895171979409991,,,0.53440946794954
2025-11-06,0.5715197065154134,,0.3121941092869296,0.6716238443386314,,,0.5184458867136582
2025-11-07,0.5467754700674502,,0.31585965338380756,0.6667276407527267,,,0.5097875880679948
2025-11-08,0.4875606258331045,,0.31585965338380756,0.6485111523560543,,,0.48397714385765545
2025-11-09,0.5915869276778599,,0.31585965338380756,0.6530676926880948,,,0.5201714245832542
2025-11-10,0.5201768812228301,,0.31585965338380756,0.5932322282349983,,,0.476422920947212
2025-11-11,0.5321301899711841,,0.3476819303863385,0.5932322282349983,,,0.4910147828641736
2025-11-12,0.5308013140665327,,0.3712380074872676,0.6215392282649514,,,0.5078595166062506
2025-11-13,0.5333839163723675,,0.37743144147450813,0.6564167644340807,,,0.5224107074269854
2025-11-14,0.537295648071305,,0.3648936328140418,0.6305546099353875,,,0.5109146302735782
2025-11-15,0.5270275856597249,,0.36778776064982427,0.5932322282349983,,,0.4960158581815158
2025-11-16,0.5270275856597249,,0.3494135641743602,0.6296397743545065,,,0.5020269747295305
2025-11-17,0.5347677239182815,,0.35298182586569676,0.6160678523520299,,,0.5012724673786694
2025-11-18,0.501658412107844,,0.3198341973168677,0.5966929626870662,,,0.47272852403725923
2025-11-19,0.5653467643067892,,0.33538492053799807,0.5877225884432978,,,0.49615142442936166
2025-11-20,0.506785889900282,,0.32159180938619003,0.5700534617916565,,,0.4661437203593762
2025-11-21,0.448385659766577,,0.3459796182083341,0.5852086988987822,,,0.4598579922912311
2025-11-22,0.49108904538362136,,0.34814594933806664,0.59379331474323,,,0.4776761031549726
2025-11-23,0.48335682192109686,,0.33420449378343436,0.6050215672074543,,,0.4741942943039952
2025-11-24,0.5020907977328143,0.9118766298820509,0.33269015226046605,0.5972937511804863,,,0.5859878327639544
2025-11-25,0.4403826144401233,0.9054837888621003,0.32245002895968544,0.6112402275111894,,,0.5698891649432747
2025-11-26,0.44512981760107995,0.9156569554835955,0.34725379070205625,0.6161969700784585,,,0.5810593834662976
2025-11-27,0.441321788308674,0.7856620519251549,0.3190331525102384,0.6011263631222572,,,0.5367858389665812
2025-11-28,0.45203221437506774,0.7892244779090717,0.31455205521967156,0.6142822145239778,,,0.5425227405069473
2025-11-29,0.44485924325728093,0.7816428375762501,0.3249406705650054,0.5739731284379381,,,0.5313539699591187
2025-11-30,0.44194550038368263,0.7928356896685811,0.33791939641093854,0.585083623838214,,,0.539446052575354
2025-12-01,0.473597672335317,0.8577690044226912,0.347460396793636,0.5561578918873319,,,0.558746241359744
2025-12-02,0.44337771591296915,0.8266873598298498,0.347460396793636,0.5727045140868908,,,0.5475574966558364
2025-12-03,0.45006350727881983,0.7973466851581169,0.34168869660488,0.5733796242014931,,,0.5406196283108274
2025-12-04,0.4440802888780206,0.7805609450760964,0.3186684401810036,0.5873590934502175,,,0.5326671918963346
2025-12-05,0.43664826298367654,0.8052172189539868,0.2971938610431052,0.5916573011848004,,,0.5326791610413922
2025-12-06,0.43576245790040236,0.8174187027734731,0.3279361840594157,0.5709136880466318,,,0.5380077581949807
2025-12-07,0.4637561431072553,0.8302252074313051,0.3129987194249394,0.5891499194904766,,,0.5490324973634941
2025-12-08,0.3900239596760195,0.793701863083961,0.31578390079307045,0.5934481272250595,,,0.5232394626945276
2025-12-09,0.4073551285745761,0.809676650935821,0.3379423598129098,0.6066147431744637,,,0.5403972206244427
2025-12-10,0.36251658401702974,0.8081957601830108,0.7891850224787502,0.5878585527538341,,,0.6369389798581562
2025-12-11,0.3597592455644675,0.8332157810549902,0.44986104782100245,0.5839530796972862,,,0.5566972885344366
2025-12-12,0.35516949822417554,0.8233337942994944,0.4637743065426336,0.549167175824731,,,0.5478611937227587
2025-12-13,0.39539144637396323,0.8322236029617912,0.46604386201820863,0.5480191610028472,,,0.5604195180892025
2025-12-14,0.3939001091793106,0.8339897000108966,0.46509227620435645,0.549167175824731,,,0.5605373153048236
2025-12-15,0.3876529278882217,0.8536127809920693,0.4769545902161969,0.5627658105189116,,,0.5702465274038498
2025-12-16,0.45235444040589906,0.8750491173640921,0.47785010881481316,0.5559338461822546,,,0.5902968781917647
2025-12-17,0.4448608715883028,0.8792663823651679,0.4803071892047927,0.5582647002562542,,,0.5906747858536294
2025-12-18,0.43407518045416554,0.8750837143948362,0.4778760347543872,0.541042967942093,,,0.5820194743863705
2025-12-19,0.45095249716826763,0.8698495326565868,0.476712296673619,0.528365940303057,,,0.5814700667003826
2025-12-20,0.44604033408576144,0.8548618184986113,0.47534028371112863,0.5514376382528141,,,0.5819200186370789
2025-12-21,0.4643633915384969,0.8601970389306056,0.46155117388960915,0.541042967942093,,,0.5817886430752012
2025-12-22,0.44900516326695217,0.8627689507923759,0.47311550314457473,0.541042967942093,,,0.5814831462864989
2025-12-23,0.42685155035951516,0.8647941194254624,0.4758885073350997,0.541042967942093,,,0.5771442862655425
2025-12-24,0.47058690120730035,0.852939714649482,0.4746275156875531,0.541042967942093,,,0.5847992748716071
2025-12-25,0.46843073021878057,0.8569496431756027,0.4040836240352562,0.5372488372515978,,,0.5666782086703094
2025-12-26,0.46583681348764294,0.8571759078261959,0.4193578081239682,0.5371275760830605,,,0.5698745263802169
2025-12-27,0.451387154619322,0.8544706755101843,0.4473323348618941,0.5377238551615044,,,0.5727285050382263
2025-12-28,0.4721971800552466,0.8461832731682281,0.47205148353434967,0.5207115407619566,,,0.5777858693799452
2025-12-29,0.4551365259066892,0.8432999005117667,0.4594396460519355,0.5245127552057557,,,0.5705972069190367
2025-12-30,0.475076857886277,0.8553807233860001,0.47292108448337644,0.5360367493324064,,,0.584853853772015
2025-12-31,0.4409721407027991,0.8483905348105412,0.47333433903082495,0.49665739444160484,,,0.5648386022464424
2026-01-01,0.4028094214598189,0.8199148922296795,0.4342949416732351,0.4567183078868866,,,0.528434390812405
2026-01-02,0.4919369672575673,0.8046843954169355,0.42001726628068153,0.43821226219127674,,,0.5387127227866153
2026-01-03,0.4566262394360752,0.7822773654761622,0.4349401017240394,0.4548091786109697,,,0.5321632213118116
2026-01-04,0.6003127119602454,0.7923676759017502,0.4080727876874093,0.4714739902831014,,,0.5680567914581266
2026-01-05,0.6601661140291498,0.8003284788331521,0.49561498234642515,0.4721809698552638,,,0.6070726362659977
2026-01-06,0.5805783920736879,0.8337149131550382,0.4958442753984931,0.4909291357209295,,,0.6002666790870371
2026-01-07,0.5779343496668855,0.840206649917299,0.4373543068712359,0.5002365743829587,,,0.5889329702095948
2026-01-08,0.6185650259050791,0.8419306289499352,0.4259096529832073,0.34659291061294295,,,0.5582495546127911
2026-01-09,0.6607815466402439,0.8319182608934684,0.4381091532537569,0.37223496912487536,,,0.5757609824780862
2026-01-10,0.6511353657473156,0.8320950714456081,0.4728910755907585,0.43832596287354164,,,0.598611868914306
2026-01-11,0.5768835592716605,0.833275164703002,0.4590744674612677,0.4255819118568349,,,0.5737037758231913
2026-01-12,0.580875058239936,0.8180521605900556,0.45240505224079736,0.43327333661848577,,,0.5711514019223187
2026-01-13,0.5696710485912599,0.8162245319909333,0.44025157387797814,0.41571649036464137,,,0.5604659112062031
2026-01-14,0.5458845779384739,0.8066434261025934,0.45319637044493666,0.41621469993254034,,,0.5554847686046361
2026-01-15,0.555552567047254,0.813607061135599,0.4468817832431464,0.4357155269881458,,,0.5629392346035363
2026-01-16,0.5562122391631417,0.8290305144133256,0.44154619676852275,0.43984771113616145,,,0.5666591653702879
2026-01-17,0.5545837481795667,0.8253926414577544,0.4631087049952688,0.4409962148983155,,,0.5710203273827263
2026-01-18,0.5780789215693583,0.8254051898921255,0.43415772185202967,0.43834727091527664,,,0.5689972760571975
2026-01-19,0.6029470853122838,0.8422399793034433,0.4333902876361918,0.4461851641708966,,,0.581190629105704
2026-01-20,0.6029470853122838,0.774619882790942,0.4340819967205934,0.4477544293018738,,,0.5648508485314232
2026-01-21,0.6016980222541123,0.7716731968623572,0.39314455735974907,0.430142220219141,,,0.5491644991738399
2026-01-22,0.6135222807378456,0.7308765184508216,0.38123392609894946,0.44983984171757574,,,0.543868141751298
2026-01-23,0.48950463070448064,0.7114383406219956,0.39349511040371604,0.4566144147104519,,,0.5127631241101611
2026-01-24,0.5310093165044784,0.7161021279768078,0.41838004488832925,0.46138779340165886,,,0.5317198206928186
2026-01-25,0.5287561727545093,0.716144066662467,0.4207995302473727,0.4640808977787989,,,0.532445166860787
2026-01-26,0.5272486895164101,0.7148320595486162,0.44291816264267236,0.4676062610754417,,,0.538151293195785
2026-01-27,0.6016980222541123,0.7041472944888753,0.43245417655421936,0.4681692807117029,,,0.5516171935022275
2026-01-28,0.6025179845475309,0.7079429522879297,0.4461803120349143,0.4701422880976846,,,0.5566958842420149
2026-01-29,0.567115680242557,0.7204783935572393,0.43885236632646796,0.47519545585716033,,,0.5504104739958562
2026-01-30,0.6360819753920165,0.7254207123058257,0.45612645155806786,0.4744401538738439,,,0.5730173232824385
2026-01-31,0.6469249256182594,0.7099096795431009,0.45597287906267764,0.4877358393739402,,,0.5751358308994945
2026-02-01,0.6235280579688419,0.6932647592632528,0.4552872356352255,0.4713485209263102,,,0.5608571434484076
2026-02-02,0.6335723594358128,0.6887542249721121,0.4586671205658888,0.4831656470752613,,,0.5660398380122688
2026-02-03,0.5844229735508921,0.6984685799462175,0.4571480609327152,0.4957672589698516,,,0.5589517183499191
2026-02-04,0.5604275392028845,0.6995168716213752,0.4506054010271533,0.4805894718511109,,,0.547784820925631
2026-02-05,0.6054325312024424,0.673116943871474,0.4571091384491821,0.4913136172931004,,,0.5567430577040497
2026-02-06,0.6062150689789699,0.6584421624857768,0.45218915752804717,0.4967492815554864,,,0.55339891763707
2026-02-07,0.6180657723092287,0.6828973653699311,0.45232881193200725,0.49612365456008894,,,0.562353901042814
2026-02-08,0.6072308333992896,0.6837337531842775,0.4468230572363485,0.46524950412079,,,0.5507592869851765
2026-02-09,0.606912829815212,0.6808624068633856,0.47570125228380383,0.47731196510103246,,,0.5601971135158584
2026-02-10,0.597185045253784,0.5578941844046396,0.4491178908615948,0.450797360871512,,,0.5137486203478826
2026-02-11,0.5946875360781547,0.6501416050150951,0.4848979887946225,0.4901806149553392,,,0.5549769362108029
2026-02-12,0.5955034549696541,0.6274199177012857,0.4690329110874288,0.4972152460579175,,,0.5472928824540715
2026-02-13,0.5951649807284997,0.659865616003126,0.4678279895713095,0.4897711303957796,,,0.5531574291746787
2026-02-14,0.5593191022960451,0.6597102182228447,0.43661858382868035,0.4888095290206367,,,0.5361143583420518
2026-02-15,0.5610313278029512,0.5241299771347027,0.4363099996719943,0.45012818609383065,,,0.4928998726758697
2026-02-16,0.572500203361308,0.6558543780908898,0.441172241500071,0.47283663768846507,,,0.5355908651601835
2026-02-17,0.5610313278029512,0.5294457905267661,0.43798391222108307,0.4440218076352734,,,0.49312070954651843
2026-02-18,0.597185045253784,0.48855507379055624,0.4473733013446498,0.44469429536964244,,,0.4944519289396581
2026-02-19,0.6720283785762758,0.5280019075856593,0.4773902303733126,0.44162120864049925,,,0.5297604312939368
2026-02-20,0.6914913232290842,0.6117304430232008,0.47309542609797406,0.4679483958514561,,,0.5610663970504288
2026-02-21,0.6933004869431962,0.6207853570434337,0.4709301821398628,0.4689906377460955,,,0.5635016659681471
2026-02-22,0.6817765032117555,0.6030855491398132,0.3958487005545985,0.4653711334263635,,,0.5365204715831327
2026-02-23,0.6906495819202723,0.596896729932298,0.39516234105548864,0.4665525081344472,,,0.5373152902606265
2026-02-24,0.6906495819202723,0.5932243067730827,0.35912516604947403,0.4661421538537695,,,0.5272853021491496
2026-02-25,0.7099369302575241,0.632176295882339,0.38642479923146733,0.4636996751619002,,,0.5480594251333076
2026-02-26,0.6520568621208404,0.6335489531434355,0.4113171165637456,0.4585947348867438,,,0.5388794166786913
2026-02-27,0.7286640568224176,0.6132421989119339,0.41922545114842885,0.45319378922173587,,,0.5535813740261291
2026-02-28,0.8341980958607491,0.5315967250360363,0.41184488115111895,0.42925429968773443,,,0.5517235004339097
2026-03-01,0.7091800815209943,0.47237253118249306,0.35870110043440107,0.4406599136552937,,,0.4952284066982956
2026-03-02,0.7691387420687622,0.48270909621013575,0.3374486071877834,0.4469420962739125,,,0.5090596354351484
2026-03-03,0.9010058454066512,0.5923573863024626,0.46326280625507876,0.4624704751426832,,,0.604774128276719
2026-03-04,0.8162233810275722,0.6476829163352319,0.432518453551956,0.4670966799010262,,,0.5908803577039465
2026-03-05,0.8341350277042873,0.625199223391162,0.4352012993488799,0.4610026248050932,,,0.5888845438123556
2026-03-06,0.844439813960926,0.6281841539321422,0.4596324473623337,0.4647124958483127,,,0.5992422277759287
2026-03-07,0.8776706588246489,0.6139162530789017,0.44885990348434396,0.4621877104079676,,,0.6006586314489656
2026-03-08,0.9083925612385827,0.6104085202638603,0.4938188339337584,0.45510679843423946,,,0.6169316784676102
2026-03-09,0.8340069913086883,0.6156778853401697,0.44851751046811683,0.4492704308681046,,,0.5868682044962699
2026-03-10,0.8570451384283785,0.6176055193066847,0.46294988265734205,0.4454228108146124,,,0.5957558378017545
2026-03-11,0.8534308472934906,0.5131923867983413,0.47132781405275864,0.4547317931419228,,,0.5731707103216284
2026-03-12,0.9254693198136527,0.5478446545822925,0.5365634114767401,0.4081464181194969,,,0.6045059509980455
2026-03-13,0.948746585305985,0.5006683418806355,0.5347495442654917,0.4645794126333999,,,0.612185971021378
2026-03-14,0.9546283213169673,0.4994737416334481,0.5569501195349916,0.4759587013430265,,,0.6217527209571084
2026-03-15,0.95819386669782,0.4885430149205957,0.6317071127067359,0.5495530148980747,,,0.6569992523058066
2026-03-16,0.9705194124012952,0.6328346907628425,0.5736367921315899,0.48094975557087283,,,0.66448516271665
2026-03-17,0.9680078514057129,0.6277625512411187,0.6011339783373739,0.525304863716642,,,0.6805523111752119
2026-03-18,0.9582867854089402,0.49915353690991365,0.47200033728810165,0.49693537661091347,,,0.6065940090544673
2026-03-19,0.945932650782587,0.6143430276049623,0.6223107878083208,0.5381970048076482,,,0.6801958677508796
2026-03-20,0.9568659562517656,0.6143113916349728,0.6522995793877838,0.5435894802663291,,,0.6917666018852129
2026-03-21,0.9524530046125068,0.6123065075570858,0.6565173634905151,0.5408347651001538,,,0.6905279101900653
2026-03-22,0.9452606084345034,0.6061711531939217,0.6947054328594369,0.5349170208472954,,,0.6952635538337895
2026-03-23,0.9658793141034244,0.6077352387094593,0.6393009328951493,0.5311578192264574,,,0.6860183262336226
2026-03-24,0.9620621910954684,0.6105426021316818,0.6526922819603374,0.527030786373369,,,0.6880819653902142
2026-03-25,0.9336965462095789,0.6192881196746801,0.6772859140919469,0.5235684349160996,,,0.6884597537230763
2026-03-26,0.9510988135139298,0.600428306539719,0.6982108698347497,0.5254740384220412,,,0.6938030070776099
2026-03-27,0.9639666375805904,0.5924806957158067,0.4883502348624688,0.5114343714546699,,,0.639057984903384
2026-03-28,0.9691182654866752,0.4205290028868877,0.3489589100603515,0.5084385810705603,,,0.5617611898761188
2026-03-29,0.9071646553007066,0.3931692922800564,0.6009172670805777,0.6185739202930475,,,0.629956283738597
2026-03-30,0.9089257395580264,0.3819251147577234,0.3740610610770919,0.4999609161272334,,,0.5412182078800187
2026-03-31,0.9822185755285935,0.3992769260212585,0.6998064497657918,0.5838209664608621,,,0.6662807294441265
2026-04-01,0.9806452426716045,0.3955277035590034,0.5544906584507161,0.49324562836128333,,,0.6059773082606518
2026-04-02,0.9681204626910589,0.5610717647727795,0.6462196564360937,0.6092106143671313,,,0.6961556245667659
2026-04-03,0.984569143199708,0.5549465279427266,0.47015489378993003,0.5798824670699497,,,0.6473882580005786
2026-04-04,0.9679505356936393,0.6437144121077318,0.715410971682853,0.7168998285940986,,,0.7609939370195806
2026-04-05,0.9734732844561563,0.5549465279427266,0.14144054254182067,0.6012804671431335,,,0.5677852055209592
2026-04-06,0.9544949966726275,0.5724021535864532,0.768624178810211,0.5803675473364918,,,0.7189722191014458
2026-04-07,0.8545661179278069,0.5871894300419644,0.11835001140827504,0.5020177228034751,,,0.5155308205453804
2026-04-08,0.9136872274243891,0.5555900335342444,0.6430696129486818,0.5067179693603251,,,0.6547662108169101
2026-04-09,0.861246596081609,0.6064923477562343,0.11536718058601081,0.4953598063147892,,,0.5196164826846608
2026-04-10,0.8621404764994808,0.5994476275188806,0.09694460606247315,0.5360049679573623,,,0.5236344195095493
2026-04-11,,0.6684078549880309,0.6565984838762328,0.8040675727454475,,,0.7096913038699038
2026-04-12,0.9001103114260581,0.5871894300419644,0.5680279213230557,0.5722912644470991,,,0.6569047318095443
2026-04-13,0.9295231861792265,,,,,,0.9295231861792265
2026-04-14,0.8713958793344463,0.6062684217115352,0.5635644898562426,0.5724563253681948,,,0.6534212790676047
2026-04-15,0.8800606660390532,0.6178016821684649,0.0905807837291093,0.6531508379502927,,,0.56039849247173
2026-04-16,0.8873172562752066,0.34698128810061335,,0.6508619619953584,,,0.6283868354570594
2026-04-17,0.7728570728846587,0.5072345498467192,0.675090983404044,0.2844929188634327,,,0.5599188812497137
2026-04-18,0.9199534913630798,0.34698128810061335,0.0491979015104235,0.611488530280496,,,0.4819053028136532
2026-04-19,0.9384543826025638,0.34698128810061335,,0.6739620546087084,,,0.6531325751039618
2026-04-20,0.8873172562752066,0.34698128810061335,,0.6385459584757021,,,0.6242815009505073
2026-04-21,0.8501014431010593,0.5886621508315335,0.5815581085409437,0.5269129267283583,,,0.6368086573004736
2026-04-22,0.8734400096925845,0.5924355321341358,0.5725069577449545,0.5191304089135558,,,0.6393782271213078
2026-04-23,0.8928293252985466,0.5899529692084201,0.5631511431310561,0.5182934247675344,,,0.6410567156013892
2026-04-24,0.8793586676441153,0.582543858296723,0.5610297576800207,0.5187267000077155,,,0.6354147459071436
2026-04-25,0.8963067793844212,0.585586949009522,0.563416799951143,0.5212921996306021,,,0.6416506819939222
2026-04-26,0.8969094858244608,0.5792027604533992,0.5746203996628626,0.5233267589550062,,,0.6435148512239323
2026-04-27,0.8948465683418544,0.5713199022181098,0.5841182606236959,0.5287285803055085,,,0.6447533278722921
2026-04-28,0.8882145667689001,0.5557459600242861,0.6225349887326513,0.5385567785114853,,,0.6512630735093307
2026-04-29,0.8763058859551249,0.5567166042440409,0.6461755020600034,0.5393449512706819,,,0.6546357358824628
2026-04-30,0.8874650368539528,0.5506819861980459,0.6304149640618452,0.5374982552651154,0.985155491878468,,0.7182431468514855
2026-05-01,0.8552272758814866,0.5544857965597714,0.6432464000178783,0.5143034194470809,0.7765243724902714,,0.6687574528792977
2026-05-02,0.8436897877259504,0.5318401856887148,0.6548191181360041,0.5141556413325997,0.8641223054148873,,0.6817254076596313
2026-05-03,0.8436897877259504,0.5400924225350211,0.6620142958724605,0.4998457642077017,0.8703571483972321,,0.6831998837476732
2026-05-04,0.8467179135817211,0.5342868174358433,0.7030471594288966,0.5012167958204118,0.9125136667160966,0.28426918474369767,0.6303419229544446
2026-05-05,0.82323177657337,0.5468803537616708,0.7035734644177143,0.4968491012053305,0.9149611193340618,0.3052134748252451,0.631784881686232
2026-05-06,0.7102056332965991,0.5452776922097402,0.6527101735258055,0.4956119391996888,0.7890901461717706,0.3933084376290265,0.5977006703387718
2026-05-07,0.7551925994575458,0.5473385565623249,0.6506879020704961,0.49536407626101925,0.8498531044387738,0.46422259163437807,0.6271098050707563
2026-05-08,0.7104918491136863,0.5394616325724406,0.6349458438854945,0.5060540864159206,0.8441814438428814,0.4347986766445248,0.6116555887458247
2026-05-09,0.7117809540118142,0.5425223400048744,0.6084487509575935,0.5243936207534828,0.8759076181277841,0.39687166816039215,0.6099874920026569
2026-05-10,0.7988552037060168,0.5424670929302408,0.6377884438256283,0.5169526859893107,0.9564753494227219,0.37518465581218063,0.6379539052810165
2026-05-11,0.7733961225690607,0.5272189511265181,0.6347102716147021,0.524306092673926,0.9647753317145917,0.42806962922930625,0.6420793998213508
2026-05-12,0.7957447511362987,0.5387303438275393,0.7063702323218035,0.5162554387762451,0.9355776548868404,0.42467809380529953,0.6528927524590045
2026-05-13,0.8056073494770928,0.5380255016710506,0.8809887674995396,0.5302835272065036,0.9246199815997309,0.37149658829239396,0.6751702859577186
2026-05-14,0.8079813356361212,0.5400772698385293,0.5331218849908999,0.5219899632701973,0.946175932669192,0.3824966939174397,0.6219738467203965
2026-05-15,0.8117239975317302,0.5313228516893982,0.5479957876722928,0.5227769642740028,0.9674208768797334,0.37518465581218063,0.626070855643223
2026-05-16,0.8286339480707685,0.5340289668950134,0.49358405484165196,0.5269791509597738,0.9706736845159887,0.37518465581218063,0.6215140768492295
2026-05-17,0.8357747142782967,0.517052672022547,0.48161254237986423,0.5259312941153184,0.9680406969945557,0.37149658829239396,0.6166514180138293
2026-05-18,0.8311049582472397,0.4845259018793985,0.4853488142847376,0.5214003399165478,0.9677668406447059,0.3565241109906814,0.6077784943272185
2026-05-19,0.8607712501649977,0.4874665995359734,0.5620544276556249,0.5314283863511765,0.978063372082811,0.3372900666170139,0.6261790170679329
2026-05-20,0.8272319964901624,0.4806293591345812,0.5878681413070277,0.5329506459822861,0.9513750436242393,0.3133916126646087,0.6155744665338175
2026-05-21,0.7905384223989367,0.4786500733227302,0.5885821999074026,0.5332895541960919,0.9333299207556406,0.30108264540606877,0.6042454693311451
2026-05-22,0.8375604189388793,0.4756366260718814,0.6077917040674972,0.53734274507692,0.963333709317739,0.2969233239117304,0.6197647545641078
2026-05-23,0.6356078516589916,0.4733513198305204,0.6086250589391383,0.5377994463495052,0.85964477568098,0.2927349982163666,0.5679605751125837
2026-05-24,0.6760304369764513,0.49352175733622594,0.6190902263825105,0.5311721328839565,0.8967530047959317,0.2969233239117304,0.5855818137144677
2026-05-25,0.656765355239926,0.48798480189402854,0.616370856414951,0.5230993674888788,0.8991722654748846,0.2969233239117304,0.5800526617373999
2026-05-26,0.6486537501616191,0.4852584359452942,0.5884747865972544,0.5305462926947159,0.8994180090725651,0.30108264540606877,0.5755723199795862
2026-05-27,0.7015096183105786,0.4875046489134205,0.5509114059901741,0.5289807949401982,0.8440849960437872,0.3133916126646087,0.5710638461437946
2026-05-28,0.6483721802259712,0.48479197591975215,0.5199879773306374,0.5329180038942958,0.8466995447177913,0.3411847070084425,0.5623257315161484
2026-05-29,0.6488933741961727,0.48077860591496735,0.5369547029724595,0.5356040603102703,0.836360885938006,0.3411847070084425,0.5632960560567197
2026-05-30,0.6556725307984609,0.4789149839518867,0.5206609020761072,0.5334411827045923,0.8329832360682852,0.32545690016669937,0.5578549559610052
2026-05-31,0.6356948515589829,0.48349939680215803,0.5409061536860019,0.5395298149755108,0.8223804534939387,0.3052134748252451,0.5545373575569729
2026-06-01,0.6759376421317573,0.46081802330234367,0.5172748641794628,0.5243500203282643,0.8144398801045155,0.3052134748252451,0.5496723174785981
2026-06-02,0.6977001182403596,0.46323616035102994,0.5061198374508595,0.5207390537528265,0.8681980118411731,0.34698128810061335,0.5671624116228102
2026-06-03,0.7017891229585139,0.45799523284282867,0.5511077399195182,0.5234149680118749,0.7971577673054786,0.3527244535880984,0.5640315474377188
2026-06-04,0.6982741874247623,0.4623790851459545,0.5471076130260528,0.5206741700121561,0.7576177121345464,0.32942654314783193,0.5525798851485507
2026-06-05,0.6950261213900374,0.452944755080361,0.5659254722306946,0.5239757644133598,0.7639957481397769,0.32942654314783193,0.5552157340670102
2026-06-06,0.6815141187303253,0.44642581603982684,0.5512587943649352,0.5247786356975067,0.7388789909601552,0.32146147510216194,0.5440529718158185
2026-06-07,0.6983827763832655,0.45223909522988237,0.4909776179822756,0.5229348155038581,0.7442244931986164,0.3174398550457304,0.5376997755572713
2026-06-08,0.7229404114425174,0.5401987878963945,0.5496387288073195,0.524939823604547,0.7261959875904529,0.30726835986075973,0.5618636832003318
2026-06-09,0.7175541505514005,0.5306284223705372,0.5553990988662671,0.524111226606548,0.7359747268464732,0.3052134748252451,0.561480183344412
2026-06-10,0.7665575037409037,0.5089189656442329,0.5423876826511159,0.5219021903411444,0.7430120214878477,0.28851713623617353,0.5618825833502364
2026-06-11,0.7163485427825595,0.5199750154792195,0.5287292567318836,0.5219591374239085,0.6362516294941332,0.22600797322203914,0.5248785925222905
2026-06-12,0.661782185296967,0.501672746744149,0.5476776216059386,0.5192224511965772,0.6559934664128444,0.22600797322203914,0.5187260740797525
2026-06-13,0.6231650898665608,0.5008260311286368,0.5623943274317939,0.5254949124448967,0.6390194258411922,0.23999499268835264,0.5151491299002389
2026-06-14,0.5298231668286777,0.5145123356783591,0.563279494121581,0.525096804493428,0.5514020941795523,0.23537196282802214,0.4865809763549367
2026-06-15,0.5233762103304798,0.5306622194881743,0.560043481708907,0.5272268310449171,0.5741457737437972,0.23537196282802214,0.4918044131907162
2026-06-16,0.5187318755723126,0.49847660864007864,0.5966740698150254,0.5177503242793343,0.4770757144365025,0.23070995569147637,0.47323642473912164
2026-06-17,0.5273013560933854,0.49076103102046514,0.687741040444867,0.5247524705043963,0.5290476055238604,0.24912786339226733,0.5014552278298736
2026-06-18,0.5266586643368087,0.49037761828714177,0.7038127340961301,0.5174560758494157,0.5228044306341517,0.2376882895628852,0.4997996354610889
2026-06-19,0.5673230644814603,0.49428928032293407,0.7020502211364876,0.515098049652779,0.563067590591833,0.24912786339226733,0.5151593449296269
2026-06-20,0.5595082895821057,0.48188947564691087,0.6971425342910066,0.5145748641670884,0.5897113698956291,0.24912786339226733,0.5153257328291679
2026-06-21,0.5678437165606727,0.49508272215087906,0.6820616745829124,0.5066442805782733,0.6735123121798234,0.24685851466035824,0.5286672034521532
2026-06-22,0.5643649763005829,0.49426672034082175,0.6888539434927338,0.502208763574795,0.5469571806849043,0.24685851466035824,0.5072516831756994
2026-06-23,0.5584654038348825,0.4914473899218502,0.6716799186137691,0.5004051594964615,0.5804025671585777,0.2445799926957924,0.5078300719535557
2026-06-24,0.5536813003432604,0.4767956525243219,0.6746581698065243,0.4922863312010111,0.563067590591833,0.2445799926957924,0.5008448395271239
2026-06-25,0.5429048093208587,0.47141431439488674,0.6617416605555168,0.5098856864420328,0.5861583416392796,0.2445799926957924,0.5027808008413945
2026-06-26,0.5710788309235403,0.46974255219642974,0.6456197744581192,0.5290226586231979,0.5297446969255296,0.2445799926957924,0.49829808430376815
2026-06-27,0.6156784137713722,0.46859715112289807,0.6463119366281899,0.5332274083615953,0.5820158791991416,0.2445799926957924,0.5150684636298316
2026-06-28,0.6313213923784347,0.46630199877259404,0.6439007150382688,0.5226755163913588,0.5514020941795523,0.2445799926957924,0.5100302849093336
2026-06-29,0.6326560040998016,0.46763584248516066,0.6558484254467125,0.5242220475662263,0.5786331867436649,0.24685851466035824,0.5176423368336541
2026-06-30,0.6063629285760375,0.4549798027534893,0.6391691665326801,0.5510180503504418,0.5228044306341517,0.2445799926957924,0.5031523952570988
2026-07-01,0.6000851302971787,0.42616655400950765,0.6499625099468288,0.5406938543303608,0.3787710530497524,0.20185938798458838,0.46625641493636943
2026-07-02,0.6563418990876414,0.40981234755614643,0.6164162684245207,0.5306027445373943,0.39325985593939733,0.1712962817530001,0.46295489954968333
2026-07-03,0.6318777824115942,0.4160310878273548,0.6012016111582064,0.5176605339132857,0.3502710000621519,0.15525613787433576,0.4453830255411548
2026-07-04,0.6481615521963224,0.4101191670196439,0.6035191379071375,0.5202456555096112,0.3080345783777026,0.16066490425721044,0.4417908325446047
2026-07-05,0.6533611966544639,0.41248502343195365,0.5877643322055909,0.5185319779522951,0.3089605726548738,0.15796854699966337,0.4398452749831401
2026-07-06,0.6727971385702938,0.4068407732314074,0.5954353899265801,0.5124373620338111,0.311707923594855,0.15525613787433576,0.44241245420521386
2026-07-07,0.6919944772693011,0.41405858993089845,0.6256220225743754,0.511067673845107,0.35841755781463214,0.16066490425721044,0.46030420428192076
2026-07-08,0.7237431241679686,0.41336901902542783,0.6650584400333983,0.5041869033732314,0.4175910718435304,0.15525613787433576,0.47986744938631537
2026-07-09,0.7281390235572687,0.41353725808059316,0.6677590922640866,0.5012006515186379,0.43425988670768656,0.16066490425721044,0.4842601360642473
2026-07-10,0.7407531164260133,0.40757756349137547,0.6673539307258403,0.5057526510164511,0.4493460183545159,0.14423877078631486,0.4858370084667518
2026-07-11,0.7394968732508211,0.40290310345399083,0.6691297793083123,0.5057050163286835,0.41775133842607703,0.15525613787433576,0.4817070414403701
2026-07-12,0.7477993706351868,0.40350745564445223,0.6692002312432215,0.5034413690000505,0.48674393352491685,0.15796854699966337,0.49477681784124844
2026-07-13,0.7730921528751493,0.40862176582719134,0.6731746830998213,0.5094630182930695,0.524695968100556,0.16601078340615918,0.5091763952669911
2026-07-14,0.7734353407299714,0.4046815426111176,0.6677094933282834,0.5122186624798897,0.46595893951572737,0.13862391069587107,0.4937713148934768
2026-07-15,0.7789076227512456,0.3814929715982451,0.632121750748291,0.5138135645377553,0.47285047887457643,0.1712962817530001,0.4917471117105188
2026-07-16,0.7846061023493853,0.3848584673566213,0.6472267495911874,0.5089551678934501,0.45444778307721684,0.19187815187230203,0.4953287370233605
2026-07-17,0.8322266575549008,0.37588692369170534,0.6491973340069128,0.5180655657741885,0.47688260799635174,0.19689316894688366,0.5081920429951572
2026-07-18,0.845514481466677,0.3777053897267974,0.6540861884392204,0.5004514074599904,0.504672499712342,0.19187815187230203,0.5123846864462215
2026-07-19,0.8389658893070916,0.38559059762378095,0.6537188999093266,0.4929084375798357,0.5495277990699067,0.2067783098654222,0.5212483222258939
2026-07-20,0.8209794698908303,0.3729207636300951,0.668873425986669,0.5062272117059077,0.5176795583226665,0.22126496256631045,0.5179908986837465
2026-07-21,0.8369250533420981,0.41520487714958015,0.664747516260785,0.5049812941075821,0.5559154946048122,0.2067783098654222,0.5307587575550466
2026-07-22,0.8336044214487263,0.42134566778206445,0.6720579575377729,0.50623846356943,0.541609021643827,0.22600797322203914,0.5334772508673099
2026-07-23,0.8494384607260438,0.4404554173687339,0.6754752063057056,0.5122860533883371,0.6620777358321799,0.22126496256631045,0.5601663060312185
2026-07-24,0.8492686168137284,0.42349254915146795,0.6685414752879901,0.520343644200865,0.6060397400866104,0.22126496256631045,0.5481584980178288
2026-07-25,0.8188666045513865,0.4112378220229251,0.6719666644598961,0.5197577145629811,0.5304036561362564,0.21165134296459231,0.5273139674496728
2026-07-26,0.7836650956488802,0.44418411942162467,0.677324536005737,0.5168201627073697,0.4893343000657598,,0.5822656427698744
2026-07-27,0.7978511495000168,0.4177736874278432,0.6723370549722584,0.5192036609947531,0.47148964370954716,0.2067783098654222,0.5142389177449734
2026-07-28,0.803280757057762,0.18426059333965514,0.979542592210612,0.5719507647904308,,,0.634758676849615
2026-07-29,0.7867811038966133,0.40651464253122926,0.6703840332954362,0.5210537174765495,0.5104317458078945,0.21647981144138728,0.5186075090748518
2026-07-30,0.7568659440909258,0.3966702690014103,0.6688315188795246,0.5218603499021793,0.5029345337500212,0.21647981144138728,0.5106070711775748
2026-07-31,0.7610566814513944,0.3965930149040887,0.6432025990791235,0.5186016676153268,0.5063535214236726,0.22364166448448083,0.5082415248263478
2026-08-01,0.7691931425380942,0.3947858683494049,0.6454061741378118,0.509189441900454,0.5001423965509212,0.22126496256631045,0.5066636643404995
2026-08-02,0.7090300739674427,0.3947658698456861,0.6389496269663055,0.5158153414806635,0.44304463635941277,0.22126496256631045,0.48714508519763683
2026-08-03,0.7165339017984435,0.3890634966927008,0.6435420569855848,0.5131397574491356,0.42974189210586716,0.22126496256631045,0.48554767793300707
2026-08-04,0.6617255465175412,0.3919073274885246,0.6566760944013633,0.5048760867840381,0.4105734474646426,0.22126496256631045,0.4745039108704034
2026-08-05,0.6440938187485287,0.384287028228467,0.6514467670293917,0.4963033101940365,0.3984192771135516,0.2376882895628852,0.4687064151461435
2026-08-06,0.6632537385516448,0.37874015335905137,0.6575050479366068,0.4857835328317232,0.41717459708722904,0.22836402584056467,0.47180351593447
2026-08-07,0.6634378767843728,0.3827051968939803,0.6247978449605982,0.4599558943753724,0.3841027601016599,0.2445799926957924,0.459929927635296
2026-08-08,0.6774522427682645,0.3814437044269085,0.6225928318820046,0.442599695176142,0.3660724097522144,0.2445799926957924,0.4557901461168878
2026-08-09,0.6914951824017568,0.38263128156243154,0.6243911171486889,0.44734808368609524,0.3841027601016599,0.23070995569147637,0.4601130634320181
2026-08-10,0.7081649037210638,0.37238075285709643,0.6452355538520883,0.44283175591610563,0.4384420454257967,0.22600797322203914,0.47217716416569827
2026-08-11,0.6796761262005623,0.3809440252783471,0.6324507422533487,0.4408574527076408,0.45665456029581586,0.2376882895628852,0.4713785327164333
2026-08-12,0.6480206007501623,0.3737976901338954,0.5925953680465633,0.4415659763949515,0.4163618395813079,0.22836402584056467,0.4501175834579075
2026-08-13,0.6526136229315911,0.38192366472906486,0.5646409896723648,0.43702638808847766,0.41141130843757934,0.23537196282802214,0.4471646561145166
2026-08-14,0.6294216271944629,0.38519973049571216,0.5299258604943139,0.43495240591787204,0.4071836237142354,0.23070995569147637,0.43623220058467876
2026-08-15,0.6268885828128729,0.3788154713089402,0.5373912420868387,0.4202610109544513,0.4054648920222922,0.22126496256631045,0.4316810269586176
2026-08-16,0.5912719086201039,0.37711666849061976,0.5313138365101925,0.4293244253780844,0.401977325590754,0.22600797322203914,0.42616868963529897
2026-08-17,0.604412094734654,0.3761570202195313,0.5568835869453843,0.4238062295476494,0.43746149905386345,0.22126496256631045,0.43666423217789885
2026-08-18,0.620053990740798,0.37676600863577336,0.5616051240443026,0.4271129058628769,0.4496241531644677,0.22126496256631045,0.4427378575024215
2026-08-19,0.5787451010224711,0.41468852776678033,0.5572649668329775,0.43067416283529936,0.43041321009163336,0.22126496256631045,0.4388418218525787
2026-08-20,0.5521781770419762,0.44075604418779024,0.5608785273364915,0.4345114872987112,0.45731814951860356,0.22126496256631045,0.4444845579916472
2026-08-21,0.5537648247630194,0.4956506664342506,0.5818147626967966,0.4381842852024392,0.44465954908242544,0.218877726539011,0.45549196911965706
2026-08-22,0.5525550986514095,0.5018061218364859,0.5821803669306609,0.4365508113716944,0.42381659394400484,0.21647981144138728,0.4522314673626071
2026-08-23,0.575393359231606,0.48561475971052687,0.5890925813324893,0.43148076343219327,0.418019267091452,0.23070995569147637,0.4550517810816239
2026-08-24,0.5546622014824506,0.5062327564239665,0.6009888958380378,0.42818654870714445,0.4078847542808217,0.23070995569147637,0.4547775187373162
2026-08-25,0.6129952777837774,0.5358779900590731,0.5885611800485521,0.4319343894693768,0.2707216990638734,0.23070995569147637,0.4451334153526882
2026-08-26,0.5975620002609603,0.5180347697005259,0.5903926231004604,0.42777199215101086,0.2560646402275638,0.23070995569147637,0.4367559968553329
2026-08-27,0.5308062153706795,0.5385610713129823,0.5813227914580962,0.4219361034398913,0.24382752922467296,0.22600797322203914,0.4237436140047269
2026-08-28,0.5169237644882393,0.5134903115443353,0.6362480082599392,0.41898789469921505,0.33319329082454646,0.23070995569147637,0.4415922042512919
2026-08-29,0.4981635376758346,0.5162972933712957,0.6388047265034713,0.4106511834270611,0.23404981689325888,0.23070995569147637,0.421446085593733
2026-08-30,0.5028306819984361,0.4973572124003962,0.6373492050557014,0.41895362930127583,0.2737060648249582,0.22600797322203914,0.42603412780046773
2026-08-31,0.5078422118002689,0.5030733812223598,0.6296281359979247,0.42607918925039445,0.31891670943589123,0.218877726539011,0.43406955904097505
2026-09-01,0.49283213971400014,0.5476687585254417,0.6233142147821596,0.4091286748330907,0.3558413637938342,0.22126496256631045,0.4416750190358061
2026-09-02,0.5023924503919346,0.5336839147234643,0.6320334982854284,0.40509181625522894,0.3285081051030913,0.218877726539011,0.43676458521635975
2026-09-03,0.5006823071686098,0.5542403093647479,0.6271356062782681,0.4152921127290779,0.32086363460953266,0.21647981144138728,0.4391156302652706
2026-09-04,0.5019283864619137,0.553397037644335,0.6325474365541403,0.42364095146094044,0.30114616684920403,0.2067783098654222,0.4365730481393259
2026-09-05,0.4879474630017176,0.6008641466439318,0.6326311353198529,0.4171685041189683,0.32127243991048876,0.19187815187230203,0.4419603068112102
2026-09-06,0.5047769449888969,0.5818737587882022,0.6308036663037825,0.4178481289702628,0.32515028913557303,0.1893518474613518,0.44163410594134483
2026-09-07,0.4969793764065986,0.5716890998009249,0.6317886493544917,0.4208914695754751,0.3340248600045218,0.1816951997631273,0.4395114424841899
2026-09-08,0.4844160345860708,0.5716289953840443,0.627912176881855,0.3999203257823639,0.3542279462290539,0.19187815187230203,0.438330605122615
2026-09-09,0.4708575294046295,0.5455898173610361,0.6294683217353065,0.40576818190080716,0.4402915748241804,0.19689316894688366,0.44814476569547396
2026-09-10,0.4718907170158208,0.5007516320097053,0.6020711997585345,0.3916582287734157,0.5604287360383033,0.19689316894688366,0.4539489470904439
2026-09-11,0.48054987058634036,0.36829120220979056,0.46728576098760455,0.3913852833942401,0.5339339928893894,0.1712962817530001,0.4021237319700608
