trade_date,0,1
2023-06-11,0.00014168855828480722,0.9998583114417152
2023-06-12,4.826878639179407e-09,0.9999999951731214
2023-06-13,2.2645810657978936e-09,0.999999997735419
2023-06-15,3.2418234322777444e-09,0.9999999967581765
2023-06-22,6.719827328575113e-05,0.9999328017267142
2023-06-23,3.4396651857902956e-05,0.9999656033481421
2023-06-24,0.00312289813514262,0.9968771018648573
2023-06-25,0.6491574972791507,0.3508425027208491
2023-06-26,0.6744313000680121,0.3255686999319877
2023-06-27,0.1696623946430956,0.8303376053569045
2023-06-28,0.5469383824579346,0.4530616175420655
2023-06-29,0.5383014640304914,0.4616985359695085
2023-06-30,0.7813622559307877,0.21863774406921233
2023-07-01,0.5687090821431626,0.4312909178568374
2023-07-07,0.8914484672377094,0.10855153276229056
2023-07-10,0.0032893719687622403,0.9967106280312378
2023-07-11,0.9603987141636077,0.0396012858363922
2023-07-13,0.3759366696289599,0.62406333037104
2023-07-14,0.000613988839373519,0.9993860111606262
2023-07-15,5.13785098169038e-07,0.9999994862149014
2023-07-17,0.01970707146889069,0.980292928531109
2023-07-19,0.018054205182991764,0.9819457948170077
2023-07-20,0.014341430185460965,0.9856585698145385
2023-07-21,0.0013158142665474972,0.9986841857334519
2023-07-22,0.004791818047490357,0.9952081819525089
2023-07-23,0.0613370252957547,0.9386629747042446
2023-07-24,0.01227122471500177,0.9877287752849976
2023-07-28,0.19033446563080944,0.80966553436919
2023-07-30,0.11590508343338775,0.8840949165666117
2023-07-31,0.0061219679910278,0.9938780320089717
2023-08-01,0.01701837806293073,0.9829816219370688
2023-08-02,0.005256349213546936,0.9947436507864525
2023-08-03,0.010348638172143886,0.9896513618278555
2023-08-04,0.1913801120518651,0.8086198879481343
2023-08-06,0.029453419989738095,0.9705465800102614
2023-08-08,0.00034371000170448177,0.999656289998295
2023-08-09,0.001102079854705396,0.9988979201452941
2023-08-12,0.14711130009830403,0.8528886999016954
2023-08-13,0.046387936614385686,0.9536120633856138
2023-08-14,0.059543556646148035,0.9404564433538514
2023-08-15,0.00011856580445427811,0.9998814341955449
2023-08-17,0.00550210321581978,0.9944978967841793
2023-08-20,0.010548343312520006,0.989451656687479
2023-08-21,0.02879496826005342,0.9712050317399455
2023-08-22,0.12104597239883279,0.8789540276011663
2023-08-23,0.06676475316920497,0.933235246830794
2023-08-25,0.027499578304517002,0.9725004216954819
2023-08-26,0.03670725810731978,0.963292741892679
2023-08-28,0.5412290617414517,0.45877093825854687
2023-08-29,0.07678410092036882,0.9232158990796298
2023-09-01,0.15081019151206873,0.8491898084879298
2023-09-04,0.19797823151254834,0.8020217684874502
2023-09-06,0.053535643371331335,0.9464643566286672
2023-09-08,0.9998984578746303,0.00010154212536835593
2023-09-19,1.1153505564132884e-07,0.9999998884649428
2023-09-20,0.9991475808602034,0.0008524191397949532
2023-09-21,0.9999925907670719,7.409232926296041e-06
2023-09-25,0.003633867680732125,0.9963661323192661
2023-09-26,8.252878343243832e-06,0.999991747121655
2023-09-27,0.009699576796199283,0.990300423203799
2023-09-28,1.0646056676320863e-06,0.9999989353943307
2023-09-30,1.0508530911162803e-05,0.9999894914690871
2023-10-01,0.013902483196663233,0.9860975168033349
2023-10-02,0.011452362779978522,0.9885476372200197
2023-10-03,0.10072533205041927,0.899274667949579
2023-10-04,0.08328250546206017,0.916717494537938
2023-10-06,0.012773821259851192,0.9872261787401471
2023-10-07,0.5047970008220388,0.49520299917795935
2023-10-09,0.11357798090286322,0.886422019097135
2023-10-10,0.08590892176413188,0.9140910782358662
2023-10-11,0.0994633789031479,0.9005366210968501
2023-10-12,0.07000885151471016,0.9299911484852877
2023-10-13,0.08770376707417663,0.9122962329258214
2023-10-14,0.13278745542576165,0.8672125445742364
2023-10-15,0.24594246326172653,0.7540575367382716
2023-10-16,0.30013163874619436,0.6998683612538038
2023-10-17,0.8933758101447562,0.10662418985524184
2023-10-20,0.020405306963264338,0.9795946930367336
2023-10-21,0.28667766337396094,0.713322336626037
2023-10-22,0.31374042674279035,0.6862595732572075
2023-10-23,0.23097999255174737,0.7690200074482505
2023-10-24,0.3983384156572968,0.6016615843427009
2023-10-25,0.4099789089029535,0.590021091097044
2023-10-26,0.01856615322246529,0.9814338467775323
2023-10-27,0.8795148265361457,0.1204851734638522
2023-10-31,0.9998915645666998,0.00010843543329795635
2023-11-01,2.2650947987218355e-07,0.999999773490518
2023-11-02,0.0005463365239121736,0.9994536634760859
2023-11-03,0.0030106471222127095,0.9969893528777856
2023-11-04,6.919177773452845e-07,0.9999993080822211
2023-11-05,0.00012265317036926494,0.9998773468296291
2023-11-06,9.186918952773316e-09,0.9999999908130794
2023-11-07,0.0001750504305030663,0.9998249495694954
2023-11-08,0.9999997091964573,2.908035411466731e-07
2023-11-09,0.004688540047086139,0.9953114599529123
2023-11-10,0.2334076287514248,0.7665923712485737
2023-11-11,0.01723183781288032,0.982768162187118
2023-11-19,4.660090444442084e-08,0.9999999533990941
2023-11-20,0.9994924802505024,0.0005075197494959991
2023-11-21,3.160239685500468e-05,0.9999683976031434
2023-11-22,1.441598566684213e-07,0.999999855840142
2023-11-23,0.9999170176349595,8.298236503908351e-05
2023-11-24,6.181536560649396e-06,0.999993818463438
2023-11-25,9.604689776838476e-07,0.9999990395310211
2023-11-26,0.8831960962899561,0.11680390371004268
2023-11-27,3.3635110702603886e-07,0.9999996636488923
2023-11-28,3.1845243141675275e-06,0.9999968154756852
2023-11-30,0.9999617569233008,3.824307669901261e-05
2023-12-01,0.004780485782771855,0.9952195142172279
2023-12-02,0.9998559850044663,0.00014401499553369802
2023-12-03,0.0001946102275912056,0.9998053897724086
2023-12-04,1.0591315490913202e-05,0.999989408684509
2023-12-05,0.999999995862028,4.137972188098709e-09
2023-12-06,2.0280046383498844e-05,0.999979719953617
2023-12-07,0.38964785138307034,0.61035214861693
2023-12-08,0.4334958425393513,0.5665041574606492
2023-12-09,0.0002539251301870097,0.9997460748698135
2023-12-10,5.597752353798341e-05,0.9999440224764623
2023-12-11,0.09151320506854617,0.908486794931454
2023-12-12,0.06909183256590139,0.9309081674340989
2023-12-13,1.4902049374129585e-07,0.9999998509795066
2023-12-14,2.2923266851208293e-05,0.9999770767331493
2023-12-15,0.0017417379844074485,0.9982582620155931
2023-12-16,4.925895077423635e-07,0.9999995074104928
2023-12-17,4.4491243817406936e-05,0.999955508756183
2023-12-18,0.008779172014778805,0.9912208279852217
2023-12-19,3.657211582217166e-07,0.9999996342788423
2023-12-20,1.728799838713682e-08,0.9999999827120022
2023-12-21,7.913987850226521e-06,0.9999920860121503
2023-12-22,0.00064019140295823,0.9993598085970422
2023-12-23,7.353917003318487e-06,0.9999926460829973
2023-12-24,0.0070011531354728235,0.9929988468645279
2023-12-25,0.08788349254167249,0.9121165074583281
2023-12-26,9.92742988856336e-08,0.9999999007257017
2023-12-27,1.1085148891334478e-08,0.9999999889148515
2023-12-28,0.0006100850810208322,0.9993899149189798
2023-12-29,3.5221868084550578e-06,0.9999964778131921
2023-12-30,0.0015539098566520332,0.9984460901433486
2023-12-31,0.9951869430909511,0.004813056909049526
2024-01-01,1.925962769733683e-06,0.999998074037231
2024-01-02,1.0285222080504987e-05,0.9999897147779203
2024-01-03,1.7564341390759241e-06,0.9999982435658618
2024-01-04,2.2340109131716846e-05,0.9999776598908692
2024-01-05,1.3228571425186675e-06,0.9999986771428586
2024-01-06,2.0450053870958452e-06,0.999997954994614
2024-01-07,2.039270955087706e-08,0.9999999796072916
2024-01-08,4.977927545310619e-07,0.9999995022072465
2024-01-09,7.4132043208509424e-09,0.9999999925867968
2024-01-10,2.8335068771478155e-08,0.9999999716649323
2024-01-11,5.615832125301949e-06,0.9999943841678758
2024-01-12,3.0174688311769846e-06,0.9999969825311698
2024-01-13,0.9993128633617879,0.0006871366382131825
2024-01-15,0.00043237351033271646,0.9995676264896687
2024-01-16,0.0005316904326860994,0.9994683095673154
2024-01-17,0.11623304598089547,0.8837669540191061
2024-01-18,1.969404499296727e-05,0.9999803059550088
2024-01-19,0.07804071683580069,0.9219592831642012
2024-01-20,0.0399189204531535,0.9600810795468483
2024-01-21,0.062986629619301,0.937013370380701
2024-01-22,0.010866513685742514,0.9891334863142596
2024-01-23,0.08960689815616267,0.9103931018438394
2024-01-24,0.8667362963790001,0.13326370362100207
2024-01-25,0.003879061805419144,0.9961209381945829
2024-01-26,0.006655830056795835,0.9933441699432061
2024-01-27,0.1458237011659691,0.8541762988340327
2024-01-28,0.5468112674488712,0.45318873255113046
2024-01-30,0.0003064179130730931,0.9996935820869287
2024-01-31,5.3071416044628064e-05,0.9999469285839573
2024-02-01,9.644759990230178e-05,0.9999035524000995
2024-02-02,2.4576202862101632e-05,0.9999754237971398
2024-02-03,0.0011716309126447925,0.998828369087357
2024-02-05,0.01376465460694206,0.9862353453930596
2024-02-06,0.014242925575889045,0.9857570744241126
2024-02-07,0.008548193707203326,0.9914518062927984
2024-02-08,0.14297376971142897,0.8570262302885728
2024-02-09,0.9579835237974939,0.042016476202507855
2024-02-10,0.011878059645960982,0.9881219403540409
2024-02-11,0.00032521041943483716,0.9996747895805669
2024-02-12,3.5177364788251125e-05,0.9999648226352135
2024-02-13,0.00028552454990616205,0.9997144754500955
2024-02-14,0.0013851748182605434,0.9986148251817412
2024-02-15,0.02534599808953451,0.9746540019104672
2024-02-16,0.37342651885802064,0.6265734811419811
2024-02-17,0.1320784052674882,0.8679215947325136
2024-02-18,0.1938867315552834,0.8061132684447183
2024-02-19,0.6498367700821981,0.3501632299178036
2024-02-20,0.822047448605765,0.17795255139423677
2024-02-21,1.0369162026268633e-06,0.999998963083799
2024-02-22,0.0003023799967129125,0.9996976200032888
2024-02-23,0.001082373508695326,0.9989176264913063
2024-02-24,0.0018045535994254697,0.9981954464005762
2024-02-25,0.00976260775855752,0.9902373922414441
2024-02-26,0.0408442149548011,0.9591557850452004
2024-02-27,0.020081957224711944,0.9799180427752897
2024-02-28,0.35117147960194384,0.6488285203980578
2024-02-29,0.4632472298746563,0.5367527701253454
2024-03-01,0.5722607093670686,0.4277392906329331
2024-03-02,0.6277313134842494,0.3722686865157524
2024-03-03,0.010444328367728425,0.9895556716322731
2024-03-04,0.003766496439448163,0.9962335035605533
2024-03-06,0.15952974412740753,0.8404702558725942
2024-03-07,0.516715273021846,0.4832847269781555
2024-03-08,0.022903903019322713,0.9770960969806789
2024-03-09,0.005261139675254704,0.9947388603247468
2024-03-10,0.23615356092413503,0.7638464390758665
2024-03-11,0.8053643077758574,0.19463569222414395
2024-03-12,0.83289987825035,0.1671001217496514
2024-03-13,0.0007475007868994668,0.999252499213102
2024-03-14,0.06465707492073963,0.9353429250792618
2024-03-15,0.04989029280964271,0.9501097071903587
2024-03-16,0.018754419150077025,0.9812455808499242
2024-03-17,0.012935748681804535,0.9870642513181968
2024-03-18,0.5563341001797627,0.44366589982023835
2024-03-19,0.16198787187259975,0.8380121281274013
2024-03-20,0.6399186029602574,0.3600813970397439
2024-03-21,0.09504018895964256,0.9049598110403586
2024-03-22,0.06961297910107403,0.930387020898927
2024-03-23,0.05489505418180392,0.9451049458181972
2024-03-25,0.09264356299884116,0.9073564370011599
2024-03-26,0.05889593910562953,0.9411040608943716
2024-03-27,0.15480328023911605,0.8451967197608851
2024-03-28,0.19746582001848384,0.8025341799815172
2024-03-29,0.30439215560700406,0.695607844392997
2024-04-01,0.6297528011997978,0.3702471988002032
2024-04-03,0.004317023543169616,0.9956829764568313
2024-04-04,0.007083017125399372,0.9929169828746017
2024-04-05,0.023277139399013935,0.9767228606009871
2024-04-06,0.1656332553965519,0.8343667446034494
2024-04-10,0.001000147575623941,0.9989998524243773
2024-04-12,0.5679805940494032,0.4320194059505979
2024-04-14,0.0001501520768362536,0.9998498479231648
2024-04-16,0.09358295660998975,0.9064170433900115
2024-04-18,0.006354760737072199,0.9936452392629289
2024-04-19,0.0028099367744859383,0.9971900632255153
2024-04-20,0.006911743741862202,0.993088256258139
2024-04-21,0.019469572800434043,0.9805304271995671
2024-04-22,0.03548217809229765,0.9645178219077034
2024-04-24,0.9744658501642027,0.02553414983579835
2024-04-26,0.029322619098663055,0.970677380901338
2024-04-27,0.02258399997087312,0.977416000029128
2024-04-29,0.039677061438423825,0.9603229385615772
2024-04-30,0.4011978725533002,0.5988021274467008
2024-05-01,0.040711641800213395,0.9592883581997877
2024-05-02,0.06842664609419634,0.9315733539058046
2024-05-03,0.07510439246634219,0.924895607533659
2024-05-04,0.07183725765996238,0.9281627423400389
2024-05-05,0.900004056008004,0.09999594399199735
2024-05-06,0.005806065613628139,0.994193934386373
2024-05-07,0.008325625993515485,0.9916743740064857
2024-05-08,0.050474141460623206,0.949525858539378
2024-05-09,0.04369160154096827,0.9563083984590329
2024-05-10,0.005592949963536803,0.9944070500364643
2024-05-13,0.022867485495259004,0.9771325145047424
2024-05-15,0.09118754882980881,0.9088124511701925
2024-05-19,0.4585240362604733,0.5414759637395281
2024-05-20,0.5876444875961863,0.4123555124038152
2024-05-23,0.02857941510943482,0.9714205848905667
2024-05-24,0.26371282557064923,0.7362871744293521
2024-05-25,0.07300461761212028,0.9269953823878813
2024-05-26,0.8149948745184775,0.18500512548152426
2024-05-27,0.6754366980392398,0.32456330196076194
2024-05-28,0.0036142549922126583,0.9963857450077892
2024-05-29,6.482734969603447e-06,0.9999935172650322
2024-05-30,5.63341282100891e-05,0.9999436658717918
2024-05-31,0.9995134369479107,0.00048656305209112137
2024-06-01,0.9999607821085897,3.921789141198331e-05
2024-06-02,0.0022622883408206897,0.997737711659181
2024-06-03,0.8925725445056769,0.10742745549432514
2024-06-04,0.866229024397652,0.1337709756023499
2024-06-05,0.8252338473516903,0.17476615264831177
2024-06-06,0.03171261079118796,0.9682873892088141
2024-06-07,0.0014541008550540526,0.9985458991449482
2024-06-08,0.002590161683036489,0.9974098383169657
2024-06-09,0.013798454462045397,0.9862015455379568
2024-06-10,0.0008281277053627532,0.9991718722946394
2024-06-11,0.025583891317191597,0.9744161086828105
2024-06-12,0.05052671643152104,0.949473283568481
2024-06-13,0.08023119646368203,0.9197688035363201
2024-06-14,0.007317265676638985,0.9926827343233632
2024-06-15,0.022406436685868725,0.9775935633141333
2024-06-16,0.17100471049992833,0.8289952895000735
2024-06-17,0.07797374030529966,0.9220262596947023
2024-06-18,0.25991907293145305,0.7400809270685489
2024-06-19,0.23247284331528043,0.7675271566847215
2024-06-20,0.0329737317692682,0.9670262682307337
2024-06-21,3.1644170874199104e-08,0.9999999683558312
2024-06-22,0.9999999692744067,3.07255954106115e-08
2024-06-23,0.03954313879273722,0.9604568612072648
2024-06-24,0.056251495401490326,0.9437485045985118
2024-06-25,2.6341155428797163e-06,0.9999973658844593
2024-06-26,7.244831974079638e-05,0.9999275516802612
2024-06-27,0.9999200584352526,7.99415647492952e-05
2024-06-28,0.001155625675272502,0.9988443743247295
2024-06-29,0.0065943991972758605,0.9934056008027261
2024-06-30,0.013231947692377434,0.9867680523076245
2024-07-01,0.9461126024466775,0.05388739755332447
2024-07-02,0.012311197418588599,0.9876888025814133
2024-07-03,0.0038485383661764653,0.9961514616338256
2024-07-04,0.001182842393568476,0.9988171576064334
2024-07-05,0.010884926653578446,0.9891150733464235
2024-07-06,0.001678049365172835,0.9983219506348291
2024-07-07,0.0011146581680959297,0.9988853418319059
2024-07-08,0.0006664283061675101,0.9993335716938343
2024-07-09,0.00037576265879313525,0.9996242373412088
2024-07-10,0.0055939154508747625,0.994406084549127
2024-07-11,0.011053032320167834,0.9889469676798339
2024-07-12,1.9739519643975733e-05,0.9999802604803579
2024-07-13,0.0003836579195665737,0.9996163420804353
2024-07-14,0.22358513519776108,0.7764148648022408
2024-07-15,1.6579491583025878e-05,0.9999834205084188
2024-07-16,0.00044223178853568273,0.9995577682114661
2024-07-17,0.005220681466109759,0.9947793185338922
2024-07-18,0.0022085648012331585,0.997791435198769
2024-07-19,0.03880117507968717,0.9611988249203149
2024-07-20,0.9310546819260539,0.06894531807394841
2024-07-21,0.0029707196335137164,0.9970292803664885
2024-07-22,0.0006464634840826949,0.9993535365159196
2024-07-23,4.330382512061408e-05,0.9999566961748819
2024-07-24,0.0003127359261281825,0.9996872640738744
2024-07-25,4.47567229200107e-06,0.9999955243277107
2024-07-26,0.00037270924747024713,0.9996272907525324
2024-07-27,0.0010005754595088566,0.9989994245404937
2024-07-28,0.0025393248774181754,0.9974606751225843
2024-07-29,0.00016004388639687426,0.9998399561136059
2024-07-30,0.004281580930933537,0.9957184190690692
2024-07-31,7.367974111434343e-05,0.9999263202588883
2024-08-01,0.014362269716959121,0.9856377302830436
2024-08-02,0.033981051326938384,0.9660189486730643
2024-08-03,0.00018151577038595976,0.9998184842296167
2024-08-04,0.00024138440249971247,0.999758615597503
2024-08-05,0.002832595945645663,0.9971674040543569
2024-08-06,0.08745836783254197,0.9125416321674606
2024-08-07,0.36526728701270716,0.6347327129872953
2024-08-08,0.35869716781793004,0.6413028321820724
2024-08-09,0.3372130805892311,0.6627869194107715
2024-08-10,0.9724965450712237,0.027503454928778776
2024-08-11,0.04147531935628456,0.9585246806437182
2024-08-12,0.0009029151253859704,0.9990970848746167
2024-08-13,0.00010592459353632748,0.9998940754064661
2024-08-14,2.598070429189084e-06,0.9999974019295731
2024-08-15,3.066519321321415e-05,0.9999693348067892
2024-08-16,0.00011578865444901023,0.9998842113455534
2024-08-17,0.02007881899390335,0.979921181006099
2024-08-18,0.011647764852323078,0.9883522351476791
2024-08-19,0.0009384231686224384,0.9990615768313799
2024-08-20,0.00015435861663833125,0.999845641383364
2024-08-21,0.000566189455542777,0.9994338105444595
2024-08-22,0.018244408677463193,0.981755591322539
2024-08-23,0.004351638089798447,0.9956483619102039
2024-08-24,0.04488090535896715,0.9551190946410352
2024-08-25,0.35331348660606593,0.6466865133939365
2024-08-26,0.000836023193493502,0.9991639768065086
2024-08-27,0.9720139565845202,0.027986043415482116
2024-08-28,0.982347268037627,0.01765273196237526
2024-08-29,0.0076214587326939,0.9923785412673083
2024-08-30,0.05522286774978985,0.9447771322502124
2024-08-31,0.3372488154477237,0.6627511845522784
2024-09-01,0.10754325852156943,0.8924567414784327
2024-09-02,0.3889583420347913,0.6110416579652109
2024-09-03,0.39107183831303466,0.6089281616869676
2024-09-04,0.36781779589951663,0.6321822041004856
2024-09-05,0.39642489867683256,0.6035751013231697
2024-09-06,0.14464271767645534,0.8553572823235469
2024-09-07,0.6246286924577583,0.37537130754224385
2024-09-08,0.6912728173011605,0.30872718269884164
2024-09-09,0.00041623714291780847,0.9995837628570847
2024-09-10,0.0010814940210349883,0.9989185059789675
2024-09-11,0.00010896260657237301,0.9998910373934301
2024-09-12,2.399041698578068e-05,0.9999760095830168
2024-09-13,2.543077209219286e-05,0.9999745692279105
2024-09-14,8.539623719297503e-08,0.9999999146037654
2024-09-15,0.08269597809315525,0.9173040219068472
2024-09-16,0.0007042540771754729,0.9992957459228271
2024-09-17,2.3751022821080863e-07,0.9999997624897744
2024-09-18,0.0006547922049659619,0.9993452077950367
2024-09-19,0.00818108848524128,0.9918189115147613
2024-09-20,0.009145319495991995,0.9908546805040105
2024-09-21,0.06474660254000479,0.9352533974599977
2024-09-22,8.90218895803313e-05,0.9999109781104221
2024-09-23,0.0011108306408185026,0.9988891693591841
2024-09-24,0.031889871836835906,0.9681101281631667
2024-09-25,0.18404632610604632,0.8159536738939563
2024-09-26,3.61303798694033e-05,0.9999638696201332
2024-09-27,0.0004990421732894361,0.999500957826713
2024-09-28,0.0003426578285769794,0.9996573421714254
2024-09-29,0.0022192114789603514,0.997780788521042
2024-09-30,0.004519187601017768,0.9954808123989844
2024-10-01,0.0019521903053029703,0.9980478096946992
2024-10-02,0.003277723034538711,0.9967222769654634
2024-10-03,9.933755453258711e-05,0.9999006624454695
2024-10-04,0.001974554861258376,0.9980254451387437
2024-10-05,0.2849257182308734,0.7150742817691286
2024-10-06,0.7526086027700771,0.24739139722992495
2024-10-07,0.0007864794899017031,0.9992135205101003
2024-10-08,0.0003593352973168538,0.999640664702685
2024-10-09,3.200067104909308e-05,0.9999679993289528
2024-10-10,5.298456603469049e-07,0.9999994701543414
2024-10-11,3.0873521929669135e-05,0.999969126478072
2024-10-12,0.0004151602997240707,0.9995848397002777
2024-10-13,0.002637494854154716,0.997362505145847
2024-10-14,0.005477034306123645,0.9945229656938781
2024-10-15,0.002070905005611889,0.9979290949943898
2024-10-16,0.01981733145593962,0.9801826685440621
2024-10-17,3.1856775489715588e-06,0.9999968143224527
2024-10-18,0.2349392662142666,0.7650607337857349
2024-10-19,0.2595234106095463,0.7404765893904552
2024-10-20,0.3253660116910311,0.6746339883089704
2024-10-21,0.4819314433819568,0.5180685566180446
2024-10-22,3.7808113461803844e-05,0.9999621918865396
2024-10-23,7.893615634101219e-06,0.9999921063843671
2024-10-24,2.4170506697401222e-08,0.9999999758294945
2024-10-25,0.02682177840142749,0.9731782215985737
2024-10-26,0.03497483318069342,0.9650251668193075
2024-10-27,0.14089158514712846,0.8591084148528725
2024-10-28,0.21577398116867563,0.7842260188313254
2024-10-29,0.004956373686363711,0.9950436263136373
2024-10-30,0.007054067916091835,0.9929459320839092
2024-10-31,0.004709212351578451,0.9952907876484227
2024-11-01,0.00047761129303779983,0.9995223887069631
2024-11-02,3.6747728176090837e-07,0.9999996325227192
2024-11-03,2.9358055360072545e-06,0.999997064194465
2024-11-04,8.931672662928284e-05,0.9999106832733718
2024-11-05,2.601321600444176e-06,0.9999973986784005
2024-11-06,4.933566473796995e-07,0.9999995066433537
2024-11-07,0.00037833098946221216,0.9996216690105388
2024-11-08,2.679176152615647e-07,0.9999997320823857
2024-11-09,0.0005534481566406615,0.9994465518433603
2024-11-10,1.0792225881165028e-07,0.9999998920777421
2024-11-11,2.840971909681805e-07,0.9999997159028099
2024-11-12,2.619356244801601e-06,0.9999973806437559
2024-11-13,1.3076643518685745e-05,0.9999869233564822
2024-11-14,1.4576386105614908e-06,0.9999985423613904
2024-11-15,0.002401868074038267,0.9975981319259626
2024-11-16,4.223851433972172e-05,0.9999577614856612
2024-11-17,1.6396448912791685e-07,0.9999998360355117
2024-11-18,2.3535254717846083e-05,0.9999764647452831
2024-11-19,1.0368405064452656e-05,0.9999896315949366
2024-11-20,0.0003736448448652704,0.9996263551551356
2024-11-21,0.00022042083167257345,0.9997795791683284
2024-11-22,0.001539487894966912,0.9984605121050342
2024-11-23,0.00035156073842837054,0.9996484392615728
2024-11-24,0.013662031917200038,0.9863379680828012
2024-11-25,0.019174307499531286,0.9808256925004699
2024-11-26,0.001275269949938661,0.9987247300500626
2024-11-27,4.472601445745961e-05,0.9999552739855437
2024-11-28,3.077619359723604e-05,0.9999692238064042
2024-11-29,0.00193605083961074,0.9980639491603905
2024-11-30,0.021346266777092827,0.9786537332229085
2024-12-01,0.015844473979272945,0.9841555260207282
2024-12-02,0.0031521529409063048,0.9968478470590948
2024-12-03,0.02044517547095686,0.9795548245290441
2024-12-04,0.033003080185143245,0.9669969198148578
2024-12-05,0.05003822426069428,0.9499617757393067
2024-12-06,0.04955040094557629,0.9504495990544246
2024-12-07,0.049069151135532146,0.9509308488644687
2024-12-08,0.000344375383107571,0.9996556246168933
2024-12-09,0.00042286552893415583,0.9995771344710666
2024-12-10,0.005518779010528479,0.9944812209894723
2024-12-11,0.008353586135144848,0.991646413864856
2024-12-12,0.0057781915153999105,0.9942218084846011
2024-12-13,0.0016194035700366409,0.9983805964299642
2024-12-14,0.06936145543824505,0.930638544561756
2024-12-15,0.013893888927048612,0.9861061110729527
2024-12-16,0.012907125384718368,0.9870928746152827
2024-12-17,0.009985537552827837,0.9900144624471732
2024-12-18,0.022093432966146333,0.9779065670338545
2024-12-19,0.018575244301636318,0.9814247556983646
2024-12-20,0.01929393018479604,0.9807060698152049
2024-12-21,0.07833223333832617,0.9216677666616748
2024-12-22,0.008848174956062892,0.9911518250439381
2024-12-23,0.03263641758696432,0.9673635824130365
2024-12-24,0.036927838483150704,0.96307216151685
2024-12-25,0.03940901045313146,0.9605909895468693
2024-12-26,0.01246992674059099,0.9875300732594097
2024-12-27,0.020379112929055754,0.9796208870709449
2024-12-28,0.06314860944310427,0.9368513905568964
2024-12-29,0.046555165033081436,0.9534448349669191
2024-12-30,0.07897272464128502,0.9210272753587154
2024-12-31,0.1917333144103894,0.808266685589611
2025-01-01,0.20050341069618288,0.7994965893038177
2025-01-02,0.0019984449289117087,0.9980015550710889
2025-01-03,0.002734613802247836,0.9972653861977527
2025-01-04,0.001568246038925628,0.9984317539610749
2025-01-05,0.020270402636722386,0.9797295973632781
2025-01-06,0.0005674999795179812,0.9994325000204825
2025-01-07,6.164170593387306e-06,0.9999938358294072
2025-01-08,0.04208927927242492,0.9579107207275755
2025-01-09,0.0642688471475229,0.9357311528524778
2025-01-10,0.08322950143067115,0.9167704985693295
2025-01-11,0.003534878962740453,0.9964651210372601
2025-01-12,0.9955119941265562,0.004488005873444144
2025-01-13,0.006126621072971897,0.9938733789270285
2025-01-14,0.0007704446578602832,0.9992295553421402
2025-01-15,0.0007851337505360314,0.9992148662494644
2025-01-16,0.26356965130504667,0.7364303486949539
2025-01-17,0.1956993574706836,0.8043006425293169
2025-01-18,0.5170886790539763,0.4829113209460242
2025-01-19,0.5490525078477815,0.450947492152219
2025-01-20,0.650380635673398,0.3496193643266025
2025-01-21,0.6893922108469143,0.3106077891530864
2025-01-22,0.8385025462396023,0.16149745376039823
2025-01-23,4.7606624879605675e-06,0.9999952393375122
2025-01-24,3.7226852366528013e-06,0.9999962773147636
2025-01-25,4.134057812962145e-05,0.9999586594218706
2025-01-26,0.002086988754235856,0.9979130112457644
2025-01-27,0.003744929034513,0.9962550709654872
2025-01-28,2.8223764787436126e-06,0.9999971776235215
2025-01-29,0.0012839268524571775,0.9987160731475431
2025-01-30,0.0022554383354726855,0.9977445616645275
2025-01-31,2.9600371769170896e-05,0.9999703996282311
2025-02-01,0.0003117198592200591,0.9996882801407801
2025-02-02,7.997500960436446e-05,0.9999200249903958
2025-02-03,0.0018400179318823213,0.9981599820681177
2025-02-04,0.05260381873559799,0.9473961812644021
2025-02-05,5.214146262558033e-05,0.9999478585373746
2025-02-06,1.0159089096688595e-06,0.9999989840910904
2025-02-07,1.820111061734279e-07,0.9999998179888937
2025-02-08,0.0003030546306029565,0.9996969453693969
2025-02-09,0.1128075831928577,0.8871924168071422
2025-02-10,2.1722889301397914e-07,0.9999997827711069
2025-02-11,1.797708679365734e-05,0.9999820229132063
2025-02-12,1.0569235569125461e-08,0.9999999894307644
2025-02-13,5.731947885100868e-07,0.9999994268052116
2025-02-14,2.664112850376177e-08,0.9999999733588715
2025-02-15,1.73139049503657e-07,0.9999998268609506
2025-02-16,1.8996893398154167e-08,0.9999999810031066
2025-02-17,1.6578836493238025e-07,0.9999998342116351
2025-02-18,6.224832220150013e-08,0.999999937751678
2025-02-19,2.5335883954770957e-07,0.9999997466411605
2025-02-20,0.0029585402599168397,0.9970414597400832
2025-02-21,6.064216053223209e-09,0.999999993935784
2025-02-22,3.1578922574461323e-06,0.9999968421077428
2025-02-23,1.771093278584788e-09,0.999999998228907
2025-02-24,9.130091109881006e-06,0.9999908699088902
2025-02-25,5.376307339488223e-08,0.9999999462369267
2025-02-26,0.00018876662605433217,0.9998112333739458
2025-02-27,0.0026666446907506556,0.9973333553092495
2025-02-28,6.180317252244775e-08,0.9999999381968278
2025-03-01,4.341728334720823e-06,0.9999956582716657
2025-03-02,9.386214717424671e-07,0.9999990613785286
2025-03-03,1.810710994824323e-06,0.9999981892890056
2025-03-04,0.07300030560564923,0.9269996943943513
2025-03-05,0.8959185138992158,0.10408148610078449
2025-03-06,0.9566771029818496,0.043322897018150716
2025-03-07,0.9997430338458504,0.0002569661541498768
2025-03-08,3.0403149170688215e-07,0.9999996959685087
2025-03-09,7.156589246132599e-06,0.9999928434107542
2025-03-10,8.721127431221453e-07,0.9999991278872572
2025-03-11,3.437163698504625e-09,0.9999999965628366
2025-03-12,1.9338960993040285e-05,0.9999806610390072
2025-03-13,4.8783320384001976e-06,0.9999951216679619
2025-03-14,1.7114026172580117e-05,0.9999828859738278
2025-03-15,0.0002808864057623033,0.9997191135942379
2025-03-16,8.49482720690156e-06,0.9999915051727934
2025-03-17,8.114817802229314e-05,0.999918851821978
2025-03-18,7.294001028731817e-06,0.9999927059989717
2025-03-19,0.0010204560021906236,0.99897954399781
2025-03-20,0.0005441388282109562,0.9994558611717896
2025-03-21,0.0017167111770166816,0.9982832888229838
2025-03-22,0.00034175634954949755,0.9996582436504511
2025-03-23,0.0003134199336493219,0.9996865800663511
2025-03-24,3.437856951724145e-05,0.9999656214304833
2025-03-25,0.5086229402107482,0.4913770597892523
2025-03-26,0.5274724505874558,0.4725275494125445
2025-03-27,0.23088749314267668,0.7691125068573239
2025-03-28,0.9848123259499164,0.015187674050084178
2025-03-29,0.03129652012675684,0.9687034798732438
2025-03-30,3.463246002693957e-05,0.9999653675399736
2025-03-31,0.00026357047486482284,0.9997364295251356
2025-04-01,0.034766195570222494,0.9652338044297778
2025-04-02,0.012082098869931312,0.987917901130069
2025-04-03,0.04156595159375863,0.9584340484062418
2025-04-04,0.004598930846722353,0.995401069153278
2025-04-05,0.007664620401121801,0.9923353795988785
2025-04-06,0.04758069801601691,0.9524193019839833
2025-04-07,0.0017683786741277791,0.9982316213258724
2025-04-08,0.009038744896941358,0.9909612551030588
2025-04-09,0.24666216958151405,0.7533378304184861
2025-04-10,0.0032160269109490097,0.996783973089051
2025-04-11,0.002034797757412475,0.9979652022425874
2025-04-12,0.03511688006360053,0.9648831199363996
2025-04-13,0.291957575698879,0.7080424243011212
2025-04-14,0.29609611846387107,0.7039038815361292
2025-04-15,0.6205660251924262,0.379433974807574
2025-04-16,0.7568470277826223,0.24315297221737814
2025-04-17,0.502376840295936,0.4976231597040642
2025-04-18,0.6365065486655723,0.36349345133442795
2025-04-19,0.00010129150227419246,0.9998987084977258
2025-04-20,0.9997857208237392,0.0002142791762603019
2025-04-21,0.8073296836568155,0.1926703163431839
2025-04-22,0.784524398387777,0.21547560161222254
2025-04-23,0.9196083934018251,0.08039160659817464
2025-04-24,0.10899477724783205,0.8910052227521676
2025-04-25,0.001028481002196148,0.9989715189978037
2025-04-26,3.5874418860216136e-06,0.9999964125581138
2025-04-27,2.3330693457408568e-06,0.9999976669306541
2025-04-28,2.5090430539193867e-05,0.9999749095694607
2025-04-29,0.5820654422150963,0.4179345577849036
2025-04-30,0.5752585891724356,0.42474141082756434
2025-05-01,0.9343102312842002,0.06568976871579954
2025-05-02,0.9337877640625996,0.06621223593740005
2025-05-03,0.99672606967741,0.0032739303225899205
2025-05-04,0.0002345312043084819,0.9997654687956913
2025-05-05,2.80116953531789e-05,0.9999719883046467
2025-05-06,0.00236943320255031,0.9976305667974495
2025-05-07,0.0039184954779305625,0.9960815045220692
2025-05-08,0.007586917853505017,0.9924130821464949
2025-05-09,0.027145234450931397,0.9728547655490686
2025-05-10,4.941585321509252e-08,0.9999999505841468
2025-05-11,0.00024765856823567487,0.9997523414317643
2025-05-12,0.9793562035505733,0.020643796449426773
2025-05-13,0.00010072516833946819,0.9998992748316607
2025-05-14,1.75685200463209e-06,0.9999982431479957
2025-05-15,0.000488870153404252,0.999511129846596
2025-05-16,2.470845649706384e-05,0.999975291543503
2025-05-17,0.00019768145091428202,0.9998023185490857
2025-05-18,0.0005386767058377587,0.9994613232941622
2025-05-19,4.3860971489977836e-05,0.9999561390285101
2025-05-20,0.013180385749653736,0.9868196142503464
2025-05-21,0.000246957189493318,0.9997530428105067
2025-05-22,0.0014487938412783314,0.9985512061587217
2025-05-23,0.09067388546459478,0.9093261145354055
2025-05-24,0.0033020922511727145,0.9966979077488272
2025-05-25,0.02398489386306112,0.9760151061369389
2025-05-26,0.017292079840984576,0.9827079201590155
2025-05-27,0.0032809670811148,0.9967190329188853
2025-05-28,0.0011528735673692293,0.9988471264326308
2025-05-29,0.006309775286917341,0.9936902247130828
2025-05-30,0.3831438658989503,0.6168561341010497
2025-05-31,0.058708668711025674,0.9412913312889742
2025-06-01,0.02647451275415566,0.9735254872458442
2025-06-02,1.3481229188211597e-05,0.9999865187708117
2025-06-03,0.0001375502330822043,0.9998624497669175
2025-06-04,0.004234000916054244,0.9957659990839455
2025-06-05,0.0011075350719141636,0.9988924649280857
2025-06-06,0.017322495397742277,0.9826775046022574
2025-06-07,0.000196396390296407,0.9998036036097031
2025-06-08,0.00026534640970511675,0.9997346535902943
2025-06-09,0.0008409745452780521,0.9991590254547215
2025-06-10,0.0010643466514607884,0.9989356533485388
2025-06-11,0.026763713093643858,0.9732362869063557
2025-06-12,0.060829766090176846,0.9391702339098226
2025-06-13,0.007225151999904575,0.992774848000095
2025-06-14,0.03154013307086291,0.9684598669291365
2025-06-15,0.11682883239580583,0.8831711676041936
2025-06-16,0.9749158949651631,0.025084105034836185
2025-06-17,0.00010977735194698851,0.999890222648052
2025-06-18,0.00487991569034139,0.9951200843096577
2025-06-19,0.0048170526024106635,0.9951829473975883
2025-06-20,0.005701118979200963,0.994298881020798
2025-06-21,0.0005273664098465671,0.9994726335901524
2025-06-22,0.0025178511460049236,0.997482148853994
2025-06-23,0.004482710358220667,0.9955172896417783
2025-06-24,0.004391429331549011,0.99560857066845
2025-06-25,0.0012189469080167027,0.9987810530919824
2025-06-26,0.0015304533233137527,0.9984695466766853
2025-06-27,0.013646832990491662,0.9863531670095073
2025-06-28,0.013332327446898566,0.9866676725531005
2025-06-29,0.06134125743042061,0.9386587425695784
2025-06-30,0.1506138561303404,0.8493861438696587
2025-07-01,0.02377869796373193,0.9762213020362671
2025-07-02,3.36757362904066e-05,0.9999663242637086
2025-07-03,0.0002686973550054793,0.9997313026449935
2025-07-04,7.1147283630240315e-06,0.999992885271636
2025-07-05,0.005392139948022344,0.9946078600519768
2025-07-06,0.0004073446410781668,0.9995926553589208
2025-07-07,4.293117380266576e-07,0.9999995706882607
2025-07-08,6.526074183123528e-05,0.9999347392581676
2025-07-09,7.463432878246289e-05,0.9999253656712166
2025-07-10,0.0038955484934414565,0.9961044515065575
2025-07-11,0.00018615537026799955,0.999813844629731
2025-07-12,1.8275749597397738e-06,0.9999981724250393
2025-07-13,0.0007183733990924374,0.9992816266009066
2025-07-14,3.4951980100154645e-05,0.9999650480198987
2025-07-15,0.0001639180579665784,0.9998360819420322
2025-07-16,0.00014549750472953697,0.9998545024952693
2025-07-17,2.740703268611379e-05,0.9999725929673127
2025-07-18,8.564991787025043e-06,0.9999914350082116
2025-07-19,0.001218203100278805,0.99878179689972
2025-07-20,1.7625984805632274e-05,0.9999823740151931
2025-07-21,0.0005339614656715395,0.9994660385343271
2025-07-22,2.851286290440563e-06,0.9999971487137084
2025-07-23,4.249625145375851e-05,0.9999575037485452
2025-07-24,0.00032503828381446405,0.9996749617161845
2025-07-25,7.654977699522066e-07,0.9999992345022292
2025-07-26,6.614363413352854e-06,0.9999933856365859
2025-07-27,0.0007589931048121232,0.999241006895187
2025-07-28,2.108050134291558e-06,0.9999978919498649
2025-07-29,0.0001759567178391631,0.9998240432821598
2025-07-30,1.999928749850248e-06,0.9999980000712491
2025-07-31,0.0002672597946686342,0.9997327402053303
2025-08-01,0.01005514211643405,0.9899448578835649
2025-08-02,0.04856979986483781,0.9514302001351611
2025-08-03,0.0020159658620492317,0.9979840341379497
2025-08-04,2.976462729481032e-06,0.9999970235372695
2025-08-05,2.6882253320198132e-05,0.9999731177466789
2025-08-06,7.381696487539085e-06,0.9999926183035116
2025-08-07,3.0541860781569396e-06,0.9999969458139211
2025-08-08,0.00012702602169321965,0.999872973978306
2025-08-09,1.4661170567066748e-07,0.9999998533882936
2025-08-10,5.802057211259544e-05,0.9999419794278867
2025-08-11,0.00010487664135233435,0.9998951233586467
2025-08-12,4.3368485249212105e-05,0.9999566315147499
2025-08-13,8.450382934504487e-06,0.9999915496170645
2025-08-14,0.00010489031906203686,0.9998951096809369
2025-08-15,0.0016600367710904414,0.9983399632289085
2025-08-16,0.0018637272510297616,0.9981362727489693
2025-08-17,2.8621903236741697e-06,0.9999971378096751
2025-08-18,5.356213472804755e-07,0.9999994643786516
2025-08-19,0.0001927775335574103,0.9998072224664416
2025-08-20,0.0004142664765428343,0.9995857335234561
2025-08-21,0.0013219975110114824,0.9986780024889874
2025-08-22,0.07940627524216869,0.9205937247578303
2025-08-23,0.050047537958810354,0.9499524620411889
2025-08-24,0.006176942601472705,0.9938230573985265
2025-08-25,0.003175510422462486,0.9968244895775367
2025-08-26,0.005686678851950911,0.9943133211480482
2025-08-27,0.13451494377304085,0.865485056226958
2025-08-28,0.013845808383495698,0.9861541916165033
2025-08-29,0.10646693533873879,0.8935330646612601
2025-08-30,0.13087989845303735,0.8691201015469617
2025-08-31,0.0799246597105593,0.9200753402894397
2025-09-01,2.5301896736031477e-05,0.9999746981032629
2025-09-02,0.0012214956755147992,0.998778504324484
2025-09-03,0.001081715798707549,0.9989182842012914
2025-09-04,1.2859633548155093e-05,0.9999871403664506
2025-09-05,0.0001117464477536604,0.9998882535522452
2025-09-06,0.0015703287319373555,0.9984296712680615
2025-09-07,0.00020801974681509134,0.9997919802531837
2025-09-08,5.566567300559695e-05,0.9999443343269934
2025-09-09,0.006551275911396907,0.9934487240886021
2025-09-10,0.0021159999422021474,0.9978840000577969
2025-09-11,0.0025849313261348933,0.9974150686738644
2025-09-12,0.0019456574286932332,0.9980543425713061
2025-09-13,4.750034849963329e-05,0.9999524996514996
2025-09-14,0.0004644251743474282,0.9995355748256519
2025-09-15,0.0013038851722630843,0.998696114827736
2025-09-16,0.0019842675245102517,0.9980157324754889
2025-09-17,0.9640257411953893,0.03597425880460964
2025-09-18,0.9801418958842691,0.019858104115729698
2025-09-19,0.0453228563083923,0.9546771436916066
2025-09-20,0.0133744253785111,0.9866255746214877
2025-09-21,0.0014125332040671446,0.9985874667959318
2025-09-22,0.008023634326866667,0.9919763656731322
2025-09-23,0.00042773647031525155,0.9995722635296836
2025-09-24,0.0036551679971464964,0.9963448320028524
2025-09-25,0.004465141557113309,0.9955348584428856
2025-09-26,0.0018637715427799219,0.9981362284572189
2025-09-27,0.017995888732826225,0.9820041112671727
2025-09-28,0.17095779997784405,0.8290422000221547
2025-09-29,0.0843006114894951,0.9156993885105037
2025-09-30,0.37251256541642186,0.6274874345835769
2025-10-01,0.43741595787310317,0.5625840421268956
2025-10-02,0.0005826951152726931,0.9994173048847259
2025-10-03,0.00011602445421809427,0.9998839755457805
2025-10-04,0.0028095891033794156,0.9971904108966191
2025-10-05,0.00026379982591902875,0.9997362001740794
2025-10-06,0.0005554643020434954,0.999444535697955
2025-10-07,0.00045424099477026894,0.9995457590052282
2025-10-08,1.6554941521040332e-05,0.9999834450584775
2025-10-09,0.003952544915777983,0.9960474550842207
2025-10-10,0.0032205744392254194,0.9967794255607731
2025-10-11,0.00017237165879983938,0.9998276283411989
2025-10-12,0.002040878075967838,0.9979591219240307
2025-10-13,0.0004084571804605213,0.999591542819538
2025-10-14,4.861141570808595e-05,0.9999513885842906
2025-10-15,3.1614102924957334e-05,0.9999683858970736
2025-10-16,0.00014362896223743795,0.9998563710377613
2025-10-17,0.0004445402337932755,0.9995554597662056
2025-10-18,6.602369621430274e-06,0.9999933976303775
2025-10-19,0.00017523661186966878,0.9998247633881293
2025-10-20,5.261775248506987e-05,0.9999473822475141
2025-10-21,0.0009043548085756951,0.9990956451914236
2025-10-22,0.0010836625515241972,0.9989163374484751
2025-10-23,0.009251100306721612,0.9907488996932777
2025-10-24,0.042992539824890874,0.9570074601751083
2025-10-25,0.0003993923459909859,0.999600607654008
2025-10-26,0.006077262464095689,0.9939227375359035
2025-10-27,0.006040032402217588,0.9939599675977817
2025-10-28,0.014517220248513336,0.9854827797514861
2025-10-29,0.007277920403914262,0.9927220795960849
2025-10-30,0.0026949381339118374,0.9973050618660874
2025-10-31,0.0040247983218299945,0.9959752016781692
2025-11-01,0.0004411611458534837,0.9995588388541459
2025-11-02,0.002208754071472973,0.9977912459285263
2025-11-03,0.0009663094419059565,0.9990336905580933
2025-11-04,0.0015594237972730858,0.9984405762027263
2025-11-05,0.0029983233557978103,0.9970016766442015
2025-11-06,0.03394945093244718,0.9660505490675522
2025-11-07,0.0004910699561839289,0.9995089300438155
2025-11-08,0.002767171797661812,0.9972328282023377
2025-11-09,0.004872842605015122,0.9951271573949844
2025-11-10,0.0005640136018545684,0.9994359863981447
2025-11-11,0.007414037493132107,0.9925859625068671
2025-11-12,0.006660329093929805,0.9933396709060694
2025-11-13,0.0050982921738324865,0.9949017078261668
2025-11-14,0.005698658277148252,0.9943013417228509
2025-11-15,0.00019478816190519205,0.9998052118380941
2025-11-16,0.0024241743688585907,0.9975758256311408
2025-11-17,0.00015918523929727167,0.9998408147607022
2025-11-18,0.0012748576199480008,0.9987251423800513
2025-11-19,0.0006283030762664617,0.9993716969237327
2025-11-20,0.0050810390871575675,0.9949189609128415
2025-11-21,8.474721629894643e-06,0.9999915252783691
2025-11-22,0.00022280423124079453,0.9997771957687585
2025-11-23,0.00010222975089340114,0.9998977702491058
2025-11-24,0.0016219342310932478,0.9983780657689059
2025-11-25,5.16113583971216e-06,0.9999948388641594
2025-11-26,0.0013953876312502512,0.9986046123687489
2025-11-27,0.0009064025239083806,0.9990935974760907
2025-11-28,0.0007154195909420955,0.999284580409057
2025-11-29,0.0014786265334327273,0.9985213734665664
2025-11-30,0.0025860276808687814,0.9974139723191303
2025-12-01,0.0007536767529865644,0.9992463232470126
2025-12-02,0.00013971492262944288,0.9998602850773696
2025-12-03,0.0004480867880342892,0.9995519132119649
2025-12-04,0.001784605039686412,0.9982153949603129
2025-12-05,0.0010643083800184415,0.9989356916199809
2025-12-06,0.002169159415064694,0.9978308405849347
2025-12-07,0.0014872376708844402,0.9985127623291147
2025-12-08,0.0003056840895764739,0.9996943159104227
2025-12-09,0.002625590639810057,0.9973744093601893
2025-12-10,0.00030533830637414057,0.9996946616936251
2025-12-11,0.0007190370824950399,0.9992809629175043
2025-12-12,0.0025550615456245056,0.9974449384543748
2025-12-13,0.004597875003512471,0.9954021249964866
2025-12-14,0.0041921511326602195,0.9958078488673389
2025-12-15,0.0054344039998326914,0.9945655960001663
2025-12-16,0.00044675650938157205,0.9995532434906175
2025-12-17,0.004757434118324383,0.9952425658816745
2025-12-18,0.004064665253640307,0.9959353347463585
2025-12-19,0.0073941106870774,0.9926058893129214
2025-12-20,0.008242065689606977,0.9917579343103917
2025-12-21,0.0025950115470092278,0.9974049884529896
2025-12-22,0.0074869548729080675,0.9925130451270907
2025-12-23,0.015155230855826287,0.9848447691441726
2025-12-24,0.011490992255360244,0.9885090077446388
2025-12-25,0.021865124347979246,0.9781348756520195
2025-12-26,0.002650095326771946,0.9973499046732267
2025-12-27,0.005832397619493758,0.9941676023805049
2025-12-28,0.01291204033181765,0.987087959668181
2025-12-29,0.045364937952885806,0.9546350620471128
2025-12-30,0.11501014069990576,0.884989859300093
2025-12-31,0.1588514092712553,0.8411485907287435
2026-01-01,0.010825881239786495,0.9891741187602124
2026-01-02,0.00021386351637725759,0.9997861364836217
2026-01-03,0.0011910839900800602,0.9988089160099187
2026-01-04,0.00028954076231432996,0.9997104592376844
2026-01-05,9.26610760622089e-05,0.9999073389239366
2026-01-06,0.00010347498806283285,0.999896525011936
2026-01-07,0.001447535356557732,0.998552464643441
2026-01-08,0.0031489453980813606,0.9968510546019174
2026-01-09,0.0011131483042345148,0.9988868516957643
2026-01-10,0.00012868357229611646,0.9998713164277027
2026-01-11,0.0005126034224796588,0.9994873965775191
2026-01-12,0.0012271931518390148,0.9987728068481596
2026-01-13,0.0014257395466886673,0.99857426045331
2026-01-14,0.00023527429469887126,0.9997647257053
2026-01-15,0.0018461658035549245,0.9981538341964438
2026-01-16,0.0019418281435091465,0.9980581718564895
2026-01-17,0.0016572991345925377,0.9983427008654063
2026-01-18,0.003990631193505387,0.9960093688064935
2026-01-19,0.002735056685579652,0.9972649433144194
2026-01-20,0.002689023636079778,0.9973109763639192
2026-01-21,0.04777193929724286,0.9522280607027561
2026-01-22,0.0006189193319984383,0.9993810806680005
2026-01-23,0.0012675696183618128,0.9987324303816371
2026-01-24,0.01807841298116548,0.9819215870188335
2026-01-25,0.002262255458323206,0.9977377445416756
2026-01-26,0.01349817114458293,0.9865018288554158
2026-01-27,0.0084519858601699,0.991548014139829
2026-01-28,0.02371406303593558,0.9762859369640635
2026-01-29,0.049710007562621485,0.9502899924373776
2026-01-30,0.12328621706665495,0.8767137829333441
2026-01-31,0.8492660064086955,0.15073399359130363
2026-02-01,0.00873089507442546,0.9912691049255735
2026-02-02,0.00027777095214144044,0.9997222290478573
2026-02-03,5.7277886521143984e-05,0.9999427221134778
2026-02-04,0.0014862141548375497,0.9985137858451614
2026-02-05,0.005019918378033039,0.994980081621966
2026-02-06,7.159925842489364e-05,0.9999284007415742
2026-02-07,0.0018710329372385595,0.9981289670627603
2026-02-08,0.0007688719189944182,0.9992311280810044
2026-02-09,0.0008398626662943776,0.9991601373337045
2026-02-10,0.0005230942466519414,0.999476905753347
2026-02-11,0.00046305952353544876,0.9995369404764634
2026-02-12,0.00167012183046757,0.9983298781695313
2026-02-13,0.06956209608251444,0.9304379039174846
2026-02-14,0.002333099222256105,0.997666900777743
2026-02-15,0.03152533541558769,0.9684746645844116
2026-02-16,0.00018095915552003003,0.999819040844479
2026-02-17,0.004419123420816559,0.9955808765791826
2026-02-18,0.004039801540049741,0.9959601984599497
2026-02-19,0.002295231746099486,0.9977047682538999
2026-02-20,0.0003084212690466657,0.9996915787309527
2026-02-21,0.0017726756383572215,0.9982273243616423
2026-02-22,0.009343121456658443,0.9906568785433411
2026-02-23,0.03221233879334694,0.9677876612066526
2026-02-24,0.05969821581206104,0.9403017841879384
2026-02-25,0.0033384721056658457,0.9966615278943336
2026-02-26,0.3336883467672469,0.6663116532327525
2026-02-27,0.3693637618729184,0.6306362381270808
2026-02-28,0.012572719341946842,0.9874272806580522
2026-03-01,0.003199117999782622,0.9968008820002165
2026-03-02,0.005136335258182214,0.9948636647418169
2026-03-03,0.0001427828340792802,0.9998572171659199
2026-03-04,0.0008234627427142652,0.999176537257285
2026-03-05,0.000332910165394365,0.9996670898346047
2026-03-06,0.0023298326407677635,0.9976701673592315
2026-03-07,0.0027044638910631944,0.9972955361089361
2026-03-08,0.003733619763525051,0.9962663802364742
2026-03-09,0.00580908362279795,0.9941909163772011
2026-03-10,0.03223816610582723,0.9677618338941719
2026-03-11,0.0029095376632522025,0.9970904623367468
2026-03-12,0.01140700964630009,0.9885929903536989
2026-03-13,0.0270136006822973,0.9729863993177015
2026-03-14,0.056683660919066715,0.943316339080932
2026-03-15,0.02411417298169273,0.975885827018306
2026-03-16,0.0015785250147930222,0.9984214749852056
2026-03-17,0.010052252634427165,0.9899477473655715
2026-03-18,0.0043980067817936215,0.9956019932182051
2026-03-19,0.0030532801958314797,0.9969467198041672
2026-03-20,0.004844046797302745,0.995155953202696
2026-03-21,0.00245822173626992,0.9975417782637287
2026-03-22,0.00473841432482309,0.9952615856751756
2026-03-23,0.0010085948755798246,0.9989914051244188
2026-03-24,0.0015104448523007303,0.998489555147698
2026-03-25,0.0031774965230287958,0.9968225034769699
2026-03-26,0.004612038050097467,0.9953879619499012
2026-03-27,0.014620268778447638,0.9853797312215511
2026-03-28,0.026513639060452118,0.9734863609395467
2026-03-29,0.06411285921131166,0.9358871407886871
2026-03-30,0.08407795118809043,0.9159220488119085
2026-03-31,0.010956323594785645,0.9890436764052135
2026-04-01,0.012797479191045982,0.9872025208089533
2026-04-02,0.016770072400564145,0.9832299275994353
2026-04-03,0.16221369563580176,0.8377863043641974
2026-04-04,0.5631079029523293,0.43689209704767007
2026-04-05,0.0043633759508217886,0.9956366240491774
2026-04-06,0.006947897425756397,0.9930521025742426
2026-04-07,0.0029080580666039357,0.9970919419333951
2026-04-08,0.003430645890971342,0.9965693541090279
2026-04-09,0.001006537972401911,0.9989934620275974
2026-04-10,0.0008858283617359569,0.9991141716382635
2026-04-11,0.0010954018919653286,0.998904598108034
2026-04-12,0.0026947456221739696,0.9973052543778255
2026-04-13,0.005513163849691138,0.9944868361503082
2026-04-14,0.003163726368780039,0.9968362736312192
2026-04-15,0.003722251297506691,0.9962777487024926
2026-04-16,0.010521901792264882,0.9894780982077344
2026-04-17,0.003255593544822344,0.9967444064551767
2026-04-18,0.0007658098597729326,0.9992341901402261
2026-04-19,0.001995786820499396,0.9980042131794997
2026-04-20,0.0033649532435277014,0.9966350467564712
2026-04-21,0.005683010235418139,0.9943169897645809
2026-04-22,0.006394047916393391,0.9936059520836057
2026-04-23,0.00712682617931582,0.9928731738206834
2026-04-24,0.0162570707437195,0.9837429292562797
2026-04-25,0.06093362361031472,0.9390663763896845
2026-04-26,0.0022409469284282745,0.997759053071571
2026-04-27,0.023559825156859573,0.9764401748431398
2026-04-28,0.005291758891567658,0.9947082411084317
2026-04-29,0.002884461019799794,0.9971155389801996
2026-04-30,0.01114629577547256,0.9888537042245268
2026-05-01,0.0010546785449336302,0.998945321455066
2026-05-02,0.0033599100647168385,0.9966400899352829
2026-05-03,0.008656239244229175,0.9913437607557706
2026-05-04,0.01120471852085736,0.9887952814791424
2026-05-05,0.051299673709406746,0.9487003262905931
2026-05-06,0.4147430332199061,0.5852569667800941
2026-05-07,0.9207323443265591,0.07926765567344084
2026-05-08,2.362869171163417e-06,0.9999976371308283
2026-05-09,0.9999999990616758,9.383240128903122e-10
2026-05-10,0.028007272263654823,0.9719927277363449
2026-05-11,0.23967137431541352,0.760328625684586
2026-05-12,0.25657113408514987,0.7434288659148498
2026-05-13,0.25668638254600323,0.7433136174539965
2026-05-14,0.026104022163516996,0.9738959778364827
2026-05-15,0.04026484337402676,0.9597351566259729
2026-05-16,0.05365914860277452,0.946340851397225
2026-05-17,0.012114306184397605,0.9878856938156021
2026-05-18,0.021713668697511436,0.9782863313024883
2026-05-19,0.0356478553158228,0.964352144684177
2026-05-20,0.023388355167560004,0.9766116448324399
2026-05-21,0.08549464503317064,0.9145053549668293
2026-05-22,0.008660993342193972,0.9913390066578058
2026-05-23,0.042008313385324805,0.957991686614675
2026-05-24,0.14456464740882516,0.8554353525911748
2026-05-25,0.02110773273489483,0.9788922672651051
2026-05-26,0.004185569388034332,0.9958144306119655
2026-05-27,0.008749601435190373,0.9912503985648096
2026-05-28,7.560867895852559e-05,0.9999243913210416
2026-05-29,0.0010275899296925237,0.9989724100703077
2026-05-30,0.0002588321994541988,0.9997411678005459
2026-05-31,0.002611619936985597,0.9973883800630144
2026-06-01,0.0041618184717906554,0.9958381815282094
2026-06-02,0.0021517365886696534,0.9978482634113304
2026-06-03,0.000634714656945341,0.9993652853430546
2026-06-04,0.0010447013200006764,0.9989552986799991
2026-06-05,0.0002387351509557959,0.9997612648490442
2026-06-06,0.0063346593677773054,0.9936653406322227
2026-06-07,0.008091665156769231,0.9919083348432307
2026-06-08,0.020148179257422426,0.9798518207425776
2026-06-09,0.004512245448308425,0.9954877545516918
2026-06-10,0.9948545034657198,0.005145496534280428
2026-06-11,0.006072775570830349,0.9939272244291699
2026-06-12,0.004012830551570365,0.99598716944843
2026-06-13,0.0020823672267015793,0.9979176327732988
2026-06-14,0.002897287725665343,0.9971027122743349
2026-06-15,0.0016153752174559253,0.9983846247825444
2026-06-16,0.00033247593579085837,0.9996675240642093
2026-06-17,0.01531177215484661,0.9846882278451535
2026-06-18,0.006168266944438147,0.9938317330555619
2026-06-19,0.00039459547830859843,0.9996054045216916
2026-06-20,0.0005355891702507082,0.9994644108297496
2026-06-21,0.0010646823797172615,0.998935317620283
2026-06-22,0.0022549196158812112,0.9977450803841189
2026-06-23,0.0036584471973218303,0.9963415528026782
2026-06-24,0.011034831027396202,0.9889651689726038
2026-06-25,0.09929030038950823,0.9007096996104919
2026-06-26,0.0018826236847889707,0.998117376315211
2026-06-27,0.007732262249195267,0.9922677377508049
2026-06-28,0.001564286637180124,0.9984357133628199
2026-06-29,0.008751681594412197,0.9912483184055878
2026-06-30,0.0003017334716925557,0.9996982665283074
2026-07-01,0.0002631378151441601,0.9997368621848558
2026-07-02,8.700787800945963e-05,0.9999129921219904
2026-07-03,7.929566107319398e-05,0.9999207043389265
2026-07-04,0.00034775580725997154,0.9996522441927398
2026-07-05,0.00014411512854079454,0.9998558848714588
2026-07-06,0.0005302525205908833,0.9994697474794088
2026-07-07,0.00017813433922844203,0.9998218656607712
2026-07-08,0.0014572213681500995,0.9985427786318497
2026-07-09,0.00012608982169056183,0.9998739101783092
2026-07-10,0.0008292668268627703,0.9991707331731369
2026-07-11,1.857609199771607e-05,0.9999814239080019
2026-07-12,0.0003725162757954651,0.999627483724204
2026-07-13,0.0013391869819370525,0.9986608130180623
2026-07-14,0.0011612396665650856,0.9988387603334345
2026-07-15,0.007900264715132565,0.9920997352848671
2026-07-16,0.0002266657937777282,0.9997733342062218
2026-07-17,0.0007052161627481886,0.9992947838372515
2026-07-18,0.0009635262828234614,0.9990364737171761
2026-07-19,0.0002642354258280433,0.9997357645741717
2026-07-20,0.00022473869754864592,0.9997752613024512
2026-07-21,0.0012691093167352414,0.9987308906832646
2026-07-22,0.0003231818874668238,0.999676818112533
2026-07-23,0.0006482985271191706,0.9993517014728807
2026-07-24,0.00037544250402324136,0.9996245574959766
2026-07-25,0.0005609365002878208,0.999439063499712
2026-07-26,1.562611994050566e-05,0.9999843738800593
2026-07-27,0.0008834130535537576,0.9991165869464461
2026-07-28,0.0002879497759213861,0.9997120502240785
2026-07-29,0.00044766537965661526,0.9995523346203431
2026-07-30,0.001107290670317195,0.9988927093296825
2026-07-31,0.01882406686662778,0.9811759331333718
2026-08-01,0.006163615552910534,0.9938363844470893
2026-08-02,0.0008650987364858865,0.999134901263514
2026-08-03,0.001107005126654982,0.998892994873345
2026-08-04,0.00011598062791597362,0.9998840193720838
2026-08-05,0.0007131416799827056,0.9992868583200172
2026-08-06,2.87201002356161e-05,0.9999712798997643
2026-08-07,0.00023104329633448666,0.9997689567036655
2026-08-08,0.001067705071240149,0.9989322949287597
2026-08-09,0.0018213325674545726,0.9981786674325451
2026-08-10,0.0003594268243571156,0.9996405731756424
2026-08-11,0.0011159714367612607,0.9988840285632382
2026-08-12,0.0004155647299790873,0.9995844352700205
2026-08-13,0.0008708413469612083,0.9991291586530382
2026-08-14,0.0014618345451053835,0.998538165454894
2026-08-15,0.0002751564305289361,0.9997248435694704
2026-08-16,0.0006352183971402328,0.9993647816028592
2026-08-17,0.002581678021944551,0.9974183219780549
2026-08-18,0.028588641879040942,0.9714113581209586
2026-08-19,0.9746013801497347,0.025398619850264748
2026-08-20,0.0004888466746648433,0.9995111533253344
2026-08-21,0.19550259635714287,0.8044974036428565
2026-08-22,0.06765860156404875,0.9323413984359505
2026-08-23,0.017537934003369265,0.9824620659966299
2026-08-24,0.003836784283048303,0.996163215716951
2026-08-25,0.046700179320353905,0.9532998206796454
2026-08-26,0.0009834562013085568,0.9990165437986906
2026-08-27,0.011486594069919908,0.9885134059300792
2026-08-28,0.0005329329627548209,0.9994670670372444
2026-08-29,0.0012788063741776341,0.9987211936258218
2026-08-30,0.46493657044114006,0.5350634295588592
2026-08-31,0.0011625734147892675,0.99883742658521
2026-09-01,0.039527629804510446,0.9604723701954889
2026-09-02,0.023011777082531666,0.9769882229174678
2026-09-03,0.004550655533854766,0.9954493444661449
2026-09-04,1.3478409450045606e-05,0.9999865215905497
2026-09-05,0.0024501896665218154,0.9975498103334777
2026-09-06,0.009469819200226392,0.9905301807997733
2026-09-07,0.0011655283206827456,0.9988344716793172
2026-09-08,0.0006177223276356943,0.9993822776723643
2026-09-09,0.00018122939223477226,0.9998187706077653
2026-09-10,0.003301723349613441,0.9966982766503866
2026-09-11,0.006176645445576634,0.9938233545544234
2026-09-12,0.000357931422972393,0.9996420685770278
